2026-09-16T00:53:47.5138599Z Current runner version: '2.337.0'
2026-09-16T00:53:47.5159618Z ##[group]Runner Image Provisioner
2026-09-16T00:53:47.5160443Z Hosted Compute Agent
2026-09-16T00:53:47.5160935Z Version: 20260828.587
2026-09-16T00:53:47.5161442Z Commit: abac92662cab4cc7352de4f9f9d2e2419aad9c29
2026-09-16T00:53:47.5162122Z Build Date: 2026-08-28T16:44:25Z
2026-09-16T00:53:47.5162671Z Worker ID: {a8e3ff94-4e71-4bf6-bf37-0eaeab4a99df}
2026-09-16T00:53:47.5163306Z Azure Region: westus3
2026-09-16T00:53:47.5163785Z ##[endgroup]
2026-09-16T00:53:47.5164952Z ##[group]Operating System
2026-09-16T00:53:47.5165528Z Ubuntu
2026-09-16T00:53:47.5165954Z 24.04.5
2026-09-16T00:53:47.5166552Z LTS
2026-09-16T00:53:47.5166993Z ##[endgroup]
2026-09-16T00:53:47.5167452Z ##[group]Runner Image
2026-09-16T00:53:47.5168034Z Image: ubuntu-24.04
2026-09-16T00:53:47.5168506Z Version: 20260907.300.1
2026-09-16T00:53:47.5169678Z Included Software: https://github.com/actions/runner-images/blob/ubuntu24/20260907.300/images/ubuntu/Ubuntu2404-Readme.md
2026-09-16T00:53:47.5170892Z Image Release: https://github.com/actions/runner-images/releases/tag/ubuntu24%2F20260907.300
2026-09-16T00:53:47.5171724Z ##[endgroup]
2026-09-16T00:53:47.5172626Z ##[group]GITHUB_TOKEN Permissions
2026-09-16T00:53:47.5174680Z Contents: read
2026-09-16T00:53:47.5175178Z Metadata: read
2026-09-16T00:53:47.5175681Z ##[endgroup]
2026-09-16T00:53:47.5177540Z Secret source: Actions
2026-09-16T00:53:47.5178423Z Cache mode: write
2026-09-16T00:53:47.5179006Z Prepare workflow directory
2026-09-16T00:53:47.5442747Z Prepare all required actions
2026-09-16T00:53:47.5481727Z Getting action download info
2026-09-16T00:53:47.8418297Z Download action repository 'actions/checkout@11d5960a326750d5838078e36cf38b85af677262' (SHA:11d5960a326750d5838078e36cf38b85af677262)
2026-09-16T00:53:47.9772394Z Download action repository 'leanprover/lean-action@96e06131c0e9943c780388fd166f55d1e2fa0433' (SHA:96e06131c0e9943c780388fd166f55d1e2fa0433)
2026-09-16T00:53:48.2753371Z Download action repository 'actions/upload-artifact@ea165f8d65b6e75b540449e92b4886f43607fa02' (SHA:ea165f8d65b6e75b540449e92b4886f43607fa02)
2026-09-16T00:53:48.6059870Z Getting action download info
2026-09-16T00:53:48.7275828Z Download action repository 'actions/cache@v5' (SHA:caa296126883cff596d87d8935842f9db880ef25)
2026-09-16T00:53:49.0156576Z Complete job name: statements
2026-09-16T00:53:49.0739686Z Node 20 is being deprecated. This workflow is running with Node 24 by default. If you need to temporarily use Node 20, you can set the ACTIONS_ALLOW_USE_UNSECURE_NODE_VERSION=true environment variable. For more information see: https://github.blog/changelog/2025-09-19-deprecation-of-node-20-on-github-actions-runners/
2026-09-16T00:53:49.0746406Z ##[group]Run actions/checkout@11d5960a326750d5838078e36cf38b85af677262
2026-09-16T00:53:49.0746980Z with:
2026-09-16T00:53:49.0747270Z   persist-credentials: false
2026-09-16T00:53:49.0747623Z   repository: sgstepaniants/OpenProblemsInNLA
2026-09-16T00:53:49.0750042Z   token: ***
2026-09-16T00:53:49.0750363Z   ssh-strict: true
2026-09-16T00:53:49.0750652Z   ssh-user: git
2026-09-16T00:53:49.0750933Z   clean: true
2026-09-16T00:53:49.0751221Z   sparse-checkout-cone-mode: true
2026-09-16T00:53:49.0751549Z   fetch-depth: 1
2026-09-16T00:53:49.0751838Z   fetch-tags: false
2026-09-16T00:53:49.0752136Z   show-progress: true
2026-09-16T00:53:49.0752480Z   lfs: false
2026-09-16T00:53:49.0752748Z   submodules: false
2026-09-16T00:53:49.0753033Z   set-safe-directory: true
2026-09-16T00:53:49.0753354Z   allow-unsafe-pr-checkout: false
2026-09-16T00:53:49.0753797Z ##[endgroup]
2026-09-16T00:53:49.1572617Z Syncing repository: sgstepaniants/OpenProblemsInNLA
2026-09-16T00:53:49.1574079Z ##[group]Getting Git version info
2026-09-16T00:53:49.1574578Z Working directory is '/home/runner/work/OpenProblemsInNLA/OpenProblemsInNLA'
2026-09-16T00:53:49.1575242Z [command]/usr/bin/git version
2026-09-16T00:53:49.1627745Z git version 2.55.0
2026-09-16T00:53:49.1644383Z ##[endgroup]
2026-09-16T00:53:49.1657419Z Temporarily overriding HOME='/home/runner/work/_temp/e984ce4d-2b9e-4273-9c6f-5d0c790a4e15' before making global git config changes
2026-09-16T00:53:49.1658914Z Adding repository directory to the temporary git global config as a safe directory
2026-09-16T00:53:49.1661568Z [command]/usr/bin/git config --global --add safe.directory /home/runner/work/OpenProblemsInNLA/OpenProblemsInNLA
2026-09-16T00:53:49.1727578Z Deleting the contents of '/home/runner/work/OpenProblemsInNLA/OpenProblemsInNLA'
2026-09-16T00:53:49.1747743Z ##[group]Initializing the repository
2026-09-16T00:53:49.1748668Z [command]/usr/bin/git init /home/runner/work/OpenProblemsInNLA/OpenProblemsInNLA
2026-09-16T00:53:49.1837694Z hint: Using 'master' as the name for the initial branch. This default branch name
2026-09-16T00:53:49.1838850Z hint: will change to "main" in Git 3.0. To configure the initial branch name
2026-09-16T00:53:49.1841034Z hint: to use in all of your new repositories, which will suppress this warning,
2026-09-16T00:53:49.1842265Z hint: call:
2026-09-16T00:53:49.1842919Z hint:
2026-09-16T00:53:49.1843832Z hint: 	git config --global init.defaultBranch <name>
2026-09-16T00:53:49.1844460Z hint:
2026-09-16T00:53:49.1844980Z hint: Names commonly chosen instead of 'master' are 'main', 'trunk' and
2026-09-16T00:53:49.1845813Z hint: 'development'. The just-created branch can be renamed via this command:
2026-09-16T00:53:49.1846698Z hint:
2026-09-16T00:53:49.1847412Z hint: 	git branch -m <name>
2026-09-16T00:53:49.1924083Z hint:
2026-09-16T00:53:49.1924779Z hint: Disable this message with "git config set advice.defaultBranchName false"
2026-09-16T00:53:49.1925715Z Initialized empty Git repository in /home/runner/work/OpenProblemsInNLA/OpenProblemsInNLA/.git/
2026-09-16T00:53:49.1927901Z [command]/usr/bin/git remote add origin https://github.com/sgstepaniants/OpenProblemsInNLA
2026-09-16T00:53:49.1929486Z ##[endgroup]
2026-09-16T00:53:49.1929981Z ##[group]Disabling automatic garbage collection
2026-09-16T00:53:49.1930530Z [command]/usr/bin/git config --local gc.auto 0
2026-09-16T00:53:49.1947944Z ##[endgroup]
2026-09-16T00:53:49.1948830Z ##[group]Setting up auth
2026-09-16T00:53:49.1949415Z [command]/usr/bin/git config --local --name-only --get-regexp core\.sshCommand
2026-09-16T00:53:49.1973555Z [command]/usr/bin/git submodule foreach --recursive sh -c "git config --local --name-only --get-regexp 'core\.sshCommand' && git config --local --unset-all 'core.sshCommand' || :"
2026-09-16T00:53:49.2287761Z [command]/usr/bin/git config --local --name-only --get-regexp http\.https\:\/\/github\.com\/\.extraheader
2026-09-16T00:53:49.2489587Z [command]/usr/bin/git submodule foreach --recursive sh -c "git config --local --name-only --get-regexp 'http\.https\:\/\/github\.com\/\.extraheader' && git config --local --unset-all 'http.https://github.com/.extraheader' || :"
2026-09-16T00:53:49.2494432Z [command]/usr/bin/git config --local --name-only --get-regexp ^includeIf\.gitdir:
2026-09-16T00:53:49.2524551Z [command]/usr/bin/git submodule foreach --recursive git config --local --show-origin --name-only --get-regexp remote.origin.url
2026-09-16T00:53:49.2716080Z [command]/usr/bin/git config --local http.https://github.com/.extraheader AUTHORIZATION: basic ***
2026-09-16T00:53:49.2749265Z ##[endgroup]
2026-09-16T00:53:49.2749867Z ##[group]Fetching the repository
2026-09-16T00:53:49.2756864Z [command]/usr/bin/git -c protocol.version=2 fetch --no-tags --prune --no-recurse-submodules --depth=1 origin +5d756f75d6e90f0a391e0fc239b692c656f4c318:refs/remotes/origin/codex/lean-next-development
2026-09-16T00:53:56.0413865Z From https://github.com/sgstepaniants/OpenProblemsInNLA
2026-09-16T00:53:56.0415576Z  * [new ref]           5d756f75d6e90f0a391e0fc239b692c656f4c318 -> origin/codex/lean-next-development
2026-09-16T00:53:56.0418044Z ##[endgroup]
2026-09-16T00:53:56.0418722Z ##[group]Determining the checkout info
2026-09-16T00:53:56.0419657Z ##[endgroup]
2026-09-16T00:53:56.0425827Z [command]/usr/bin/git sparse-checkout disable
2026-09-16T00:53:56.0469077Z [command]/usr/bin/git config --local --unset-all extensions.worktreeConfig
2026-09-16T00:53:56.0495132Z ##[group]Checking out the ref
2026-09-16T00:53:56.0499060Z [command]/usr/bin/git checkout --progress --force -B codex/lean-next-development refs/remotes/origin/codex/lean-next-development
2026-09-16T00:53:57.0846789Z Updating files:  68% (18088/26376)
2026-09-16T00:53:57.0934664Z Updating files:  69% (18200/26376)
2026-09-16T00:53:57.1046600Z Updating files:  70% (18464/26376)
2026-09-16T00:53:57.1211205Z Updating files:  71% (18727/26376)
2026-09-16T00:53:57.1325586Z Updating files:  72% (18991/26376)
2026-09-16T00:53:57.1439683Z Updating files:  73% (19255/26376)
2026-09-16T00:53:57.1540636Z Updating files:  74% (19519/26376)
2026-09-16T00:53:57.1671898Z Updating files:  75% (19782/26376)
2026-09-16T00:53:57.1953832Z Updating files:  76% (20046/26376)
2026-09-16T00:53:57.2148783Z Updating files:  77% (20310/26376)
2026-09-16T00:53:57.2259933Z Updating files:  78% (20574/26376)
2026-09-16T00:53:57.2487295Z Updating files:  79% (20838/26376)
2026-09-16T00:53:57.3814684Z Updating files:  80% (21101/26376)
2026-09-16T00:53:57.4030843Z Updating files:  81% (21365/26376)
2026-09-16T00:53:57.4325663Z Updating files:  82% (21629/26376)
2026-09-16T00:53:57.4671592Z Updating files:  83% (21893/26376)
2026-09-16T00:53:57.5731097Z Updating files:  84% (22156/26376)
2026-09-16T00:53:57.6025491Z Updating files:  85% (22420/26376)
2026-09-16T00:53:57.6327262Z Updating files:  86% (22684/26376)
2026-09-16T00:53:57.6856533Z Updating files:  87% (22948/26376)
2026-09-16T00:53:57.7234208Z Updating files:  88% (23211/26376)
2026-09-16T00:53:57.7605882Z Updating files:  89% (23475/26376)
2026-09-16T00:53:57.8278485Z Updating files:  90% (23739/26376)
2026-09-16T00:53:57.8469887Z Updating files:  91% (24003/26376)
2026-09-16T00:53:57.8659241Z Updating files:  92% (24266/26376)
2026-09-16T00:53:57.8813238Z Updating files:  93% (24530/26376)
2026-09-16T00:53:57.9019333Z Updating files:  94% (24794/26376)
2026-09-16T00:53:57.9164575Z Updating files:  95% (25058/26376)
2026-09-16T00:53:57.9305644Z Updating files:  96% (25321/26376)
2026-09-16T00:53:57.9427760Z Updating files:  97% (25585/26376)
2026-09-16T00:53:57.9559039Z Updating files:  98% (25849/26376)
2026-09-16T00:53:57.9677719Z Updating files:  99% (26113/26376)
2026-09-16T00:53:57.9678125Z Updating files: 100% (26376/26376)
2026-09-16T00:53:57.9678712Z Updating files: 100% (26376/26376), done.
2026-09-16T00:53:57.9932691Z Switched to a new branch 'codex/lean-next-development'
2026-09-16T00:53:57.9936039Z branch 'codex/lean-next-development' set up to track 'origin/codex/lean-next-development'.
2026-09-16T00:53:58.0016016Z ##[endgroup]
2026-09-16T00:53:58.0055846Z [command]/usr/bin/git log -1 --format=%H
2026-09-16T00:53:58.0079667Z 5d756f75d6e90f0a391e0fc239b692c656f4c318
2026-09-16T00:53:58.0087806Z ##[group]Removing auth
2026-09-16T00:53:58.0090797Z [command]/usr/bin/git config --local --name-only --get-regexp core\.sshCommand
2026-09-16T00:53:58.0120714Z [command]/usr/bin/git submodule foreach --recursive sh -c "git config --local --name-only --get-regexp 'core\.sshCommand' && git config --local --unset-all 'core.sshCommand' || :"
2026-09-16T00:53:58.0340214Z [command]/usr/bin/git config --local --name-only --get-regexp http\.https\:\/\/github\.com\/\.extraheader
2026-09-16T00:53:58.0367116Z http.https://github.com/.extraheader
2026-09-16T00:53:58.0374513Z [command]/usr/bin/git config --local --unset-all http.https://github.com/.extraheader
2026-09-16T00:53:58.0404408Z [command]/usr/bin/git submodule foreach --recursive sh -c "git config --local --name-only --get-regexp 'http\.https\:\/\/github\.com\/\.extraheader' && git config --local --unset-all 'http.https://github.com/.extraheader' || :"
2026-09-16T00:53:58.0623958Z [command]/usr/bin/git config --local --name-only --get-regexp ^includeIf\.gitdir:
2026-09-16T00:53:58.0654318Z [command]/usr/bin/git submodule foreach --recursive git config --local --show-origin --name-only --get-regexp remote.origin.url
2026-09-16T00:53:58.0864600Z ##[endgroup]
2026-09-16T00:53:58.1234632Z ##[group]Run leanprover/lean-action@96e06131c0e9943c780388fd166f55d1e2fa0433
2026-09-16T00:53:58.1234954Z with:
2026-09-16T00:53:58.1235154Z   lake-package-directory: .lean-development
2026-09-16T00:53:58.1235397Z   auto-config: false
2026-09-16T00:53:58.1235570Z   build: false
2026-09-16T00:53:58.1235728Z   test: false
2026-09-16T00:53:58.1235880Z   lint: false
2026-09-16T00:53:58.1236040Z   use-mathlib-cache: false
2026-09-16T00:53:58.1236475Z   use-github-cache: false
2026-09-16T00:53:58.1236737Z   mk_all-check: false
2026-09-16T00:53:58.1236930Z   check-reservoir-eligibility: false
2026-09-16T00:53:58.1237142Z   leanchecker: false
2026-09-16T00:53:58.1237315Z   lean4checker: false
2026-09-16T00:53:58.1237484Z   nanoda: false
2026-09-16T00:53:58.1237664Z   nanoda-allow-sorry: true
2026-09-16T00:53:58.1237854Z   axiom-audit: false
2026-09-16T00:53:58.1238083Z   axiom-audit-allow: propext,Classical.choice,Quot.sound
2026-09-16T00:53:58.1238420Z   reinstall-transient-toolchain: false
2026-09-16T00:53:58.1238655Z ##[endgroup]
2026-09-16T00:53:58.1291374Z ##[start-action display=install elan;id=__leanprover_lean-action.__run]
2026-09-16T00:53:58.1323068Z ##[group]Run : Install Elan
2026-09-16T00:53:58.1323352Z [36;1m: Install Elan[0m
2026-09-16T00:53:58.1323606Z [36;1m${GITHUB_ACTION_PATH}/scripts/install_elan.sh[0m
2026-09-16T00:53:58.1360082Z shell: /usr/bin/bash --noprofile --norc -e -o pipefail {0}
2026-09-16T00:53:58.1360395Z ##[endgroup]
2026-09-16T00:53:58.1451344Z ##[group]Elan Installation Output
2026-09-16T00:53:58.1870438Z info: downloading installer
2026-09-16T00:53:59.3221596Z info: downloading https://releases.lean-lang.org/lean4/v4.33.1/lean-4.33.1-linux.tar.zst
2026-09-16T00:54:03.8824144Z info: installing /home/runner/.elan/toolchains/leanprover--lean4---v4.33.1
2026-09-16T00:54:12.9292912Z Lean (version 4.33.1, x86_64-unknown-linux-gnu, commit 819816b2e0a3bf405af45ae5c7af2491d8f5bee6, Release)
2026-09-16T00:54:12.9648890Z Lake version 5.0.0-src+819816b (Lean version 4.33.1)
2026-09-16T00:54:12.9680305Z ##[endgroup]
2026-09-16T00:54:12.9680551Z 
2026-09-16T00:54:12.9700926Z ##[end-action id=__leanprover_lean-action.__run;outcome=success;conclusion=success;duration_ms=14840]
2026-09-16T00:54:12.9708594Z ##[start-action display=configure `lean-action`;id=__leanprover_lean-action.config]
2026-09-16T00:54:12.9723672Z ##[group]Run : Configure Lean Action
2026-09-16T00:54:12.9723932Z [36;1m: Configure Lean Action[0m
2026-09-16T00:54:12.9724173Z [36;1m${GITHUB_ACTION_PATH}/scripts/config.sh[0m
2026-09-16T00:54:12.9758225Z shell: /usr/bin/bash --noprofile --norc -e -o pipefail {0}
2026-09-16T00:54:12.9758501Z env:
2026-09-16T00:54:12.9758662Z   AUTO_CONFIG: false
2026-09-16T00:54:12.9758839Z   BUILD: false
2026-09-16T00:54:12.9759009Z   TEST: false
2026-09-16T00:54:12.9759166Z   LINT: false
2026-09-16T00:54:12.9759323Z ##[endgroup]
2026-09-16T00:54:13.0695368Z ##[group]Configure lean-action
2026-09-16T00:54:13.0740975Z ##[end-action id=__leanprover_lean-action.config;outcome=success;conclusion=success;duration_ms=103]
2026-09-16T00:54:13.0744824Z ##[start-action display=reinstall transient toolchain;id=__leanprover_lean-action.__run_2]
2026-09-16T00:54:13.0759759Z ##[end-action id=__leanprover_lean-action.__run_2;outcome=skipped;conclusion=skipped;duration_ms=0]
2026-09-16T00:54:13.0761992Z ##[start-action display=ensure all files are imported;id=__leanprover_lean-action.mk_all]
2026-09-16T00:54:13.0764844Z ##[end-action id=__leanprover_lean-action.mk_all;outcome=skipped;conclusion=skipped;duration_ms=0]
2026-09-16T00:54:13.0766669Z ##[start-action display=Run actions/cache/restore@v5;id=__leanprover_lean-action.__actions_cache]
2026-09-16T00:54:13.0769443Z ##[end-action id=__leanprover_lean-action.__actions_cache;outcome=skipped;conclusion=skipped;duration_ms=0]
2026-09-16T00:54:13.0770896Z ##[start-action display=detect mathlib;id=__leanprover_lean-action.detect-mathlib]
2026-09-16T00:54:13.0773725Z ##[end-action id=__leanprover_lean-action.detect-mathlib;outcome=skipped;conclusion=skipped;duration_ms=0]
2026-09-16T00:54:13.0775286Z ##[start-action display=get mathlib cache;id=__leanprover_lean-action.__run_3]
2026-09-16T00:54:13.0793761Z ##[end-action id=__leanprover_lean-action.__run_3;outcome=skipped;conclusion=skipped;duration_ms=0]
2026-09-16T00:54:13.0814215Z ##[start-action display=build sgstepaniants/OpenProblemsInNLA;id=__leanprover_lean-action.build]
2026-09-16T00:54:13.0818132Z ##[end-action id=__leanprover_lean-action.build;outcome=skipped;conclusion=skipped;duration_ms=0]
2026-09-16T00:54:13.0819721Z ##[start-action display=Run actions/cache/save@v5;id=__leanprover_lean-action.__actions_cache_2]
2026-09-16T00:54:13.0822385Z ##[end-action id=__leanprover_lean-action.__actions_cache_2;outcome=skipped;conclusion=skipped;duration_ms=0]
2026-09-16T00:54:13.0825238Z ##[start-action display=test sgstepaniants/OpenProblemsInNLA;id=__leanprover_lean-action.test]
2026-09-16T00:54:13.0849256Z ##[end-action id=__leanprover_lean-action.test;outcome=skipped;conclusion=skipped;duration_ms=0]
2026-09-16T00:54:13.0851645Z ##[start-action display=lint sgstepaniants/OpenProblemsInNLA;id=__leanprover_lean-action.lint]
2026-09-16T00:54:13.0855023Z ##[end-action id=__leanprover_lean-action.lint;outcome=skipped;conclusion=skipped;duration_ms=0]
2026-09-16T00:54:13.0856739Z ##[start-action display=check reservoir eligibility;id=__leanprover_lean-action.__run_4]
2026-09-16T00:54:13.0859412Z ##[end-action id=__leanprover_lean-action.__run_4;outcome=skipped;conclusion=skipped;duration_ms=0]
2026-09-16T00:54:13.0861226Z ##[start-action display=check environment with leanchecker;id=__leanprover_lean-action.__run_5]
2026-09-16T00:54:13.0864841Z ##[end-action id=__leanprover_lean-action.__run_5;outcome=skipped;conclusion=skipped;duration_ms=0]
2026-09-16T00:54:13.0866712Z ##[start-action display=check environment with nanoda;id=__leanprover_lean-action.nanoda]
2026-09-16T00:54:13.0869284Z ##[end-action id=__leanprover_lean-action.nanoda;outcome=skipped;conclusion=skipped;duration_ms=0]
2026-09-16T00:54:13.0870995Z ##[start-action display=audit axioms with axiom-audit;id=__leanprover_lean-action.axiom-audit]
2026-09-16T00:54:13.0873583Z ##[end-action id=__leanprover_lean-action.axiom-audit;outcome=skipped;conclusion=skipped;duration_ms=0]
2026-09-16T00:54:13.0919674Z ##[group]Run python3 check.py
2026-09-16T00:54:13.0920015Z [36;1mpython3 check.py[0m
2026-09-16T00:54:13.0961280Z shell: /usr/bin/bash -e {0}
2026-09-16T00:54:13.0961583Z ##[endgroup]
2026-09-16T00:54:13.2418941Z RUN ['lean', '--version']
2026-09-16T00:54:13.2717393Z Lean (version 4.33.1, x86_64-unknown-linux-gnu, commit 819816b2e0a3bf405af45ae5c7af2491d8f5bee6, Release)
2026-09-16T00:54:13.3246493Z RUN ['lake', 'env', 'true']
2026-09-16T00:54:13.3582496Z info: leancert: cloning https://github.com/alerad/leancert
2026-09-16T00:54:15.4723421Z info: leancert: checking out revision '621a43d7cf21f87872392a01e874f2f1dbddc926'
2026-09-16T00:54:15.5421701Z info: mathlib: cloning https://github.com/leanprover-community/mathlib4.git
2026-09-16T00:54:49.9195713Z info: mathlib: checking out revision '0df444a360eaa60ab8c11dca51a86af692955474'
2026-09-16T00:54:51.6888164Z info: plausible: cloning https://github.com/leanprover-community/plausible
2026-09-16T00:54:52.3346570Z info: plausible: checking out revision 'b7eb3304aeae834b12dda98993a37f6a41f6f0bb'
2026-09-16T00:54:52.3466607Z info: LeanSearchClient: cloning https://github.com/leanprover-community/LeanSearchClient
2026-09-16T00:54:52.8819564Z info: LeanSearchClient: checking out revision '5f4d51b81cbd3f6b32b156bfad9056621a040404'
2026-09-16T00:54:52.8928441Z info: importGraph: cloning https://github.com/leanprover-community/import-graph
2026-09-16T00:54:53.6421192Z info: importGraph: checking out revision '16f02aa7642864af59f1ff0e384a015994db9118'
2026-09-16T00:54:53.6564942Z info: proofwidgets: cloning https://github.com/leanprover-community/ProofWidgets4
2026-09-16T00:54:54.9953318Z info: proofwidgets: checking out revision '4be2e3d5087eeb272cf5a8853b8f9dd025ef5957'
2026-09-16T00:54:55.4909631Z info: aesop: cloning https://github.com/leanprover-community/aesop
2026-09-16T00:54:57.4387528Z info: aesop: checking out revision '3448c0bcc5ce01b2d1546e483ec3620e32df3d0e'
2026-09-16T00:54:57.4543852Z info: Qq: cloning https://github.com/leanprover-community/quote4
2026-09-16T00:54:58.1514413Z info: Qq: checking out revision '92c15be17b7caf78c2ad767ec40f89052d908d81'
2026-09-16T00:54:58.1627365Z info: batteries: cloning https://github.com/leanprover-community/batteries
2026-09-16T00:55:01.2439694Z info: batteries: checking out revision '4488d40d070b9700d4d5a6aa342f0d40c31b2a2d'
2026-09-16T00:55:01.2661512Z info: Cli: cloning https://github.com/leanprover/lean4-cli
2026-09-16T00:55:01.9380755Z info: Cli: checking out revision '6130a47896ce867c6a4a55373441e59e565bad0f'
2026-09-16T00:55:02.0362380Z RUN ['lake', 'exe', 'cache', 'get']
2026-09-16T00:55:03.0376782Z ✔ [1/5] Built Cache.Cli (288ms)
2026-09-16T00:55:03.1372542Z ✔ [2/5] Built Cache.Lean (336ms)
2026-09-16T00:55:03.4420888Z ✔ [6/26] Built Cache.Cli:c.o (141ms)
2026-09-16T00:55:03.4421640Z ✔ [7/26] Built Cache.Lean:c.o (169ms)
2026-09-16T00:55:03.7424322Z ✔ [8/26] Built Cache.Infra (405ms)
2026-09-16T00:55:03.8425601Z ✔ [9/26] Built Cache.Infra:c.o (168ms)
2026-09-16T00:55:04.1429356Z ✔ [10/26] Built Batteries.Tactic.OpenPrivate (807ms)
2026-09-16T00:55:05.0428712Z ✔ [11/26] Built Batteries.Tactic.OpenPrivate:c.o (980ms)
2026-09-16T00:55:05.2435391Z ✔ [12/26] Built Cache.IO (1.2s)
2026-09-16T00:55:05.9467929Z ✔ [13/26] Built Cache.Hashing (676ms)
2026-09-16T00:55:06.4424740Z ✔ [14/26] Built Cache.Hashing:c.o (515ms)
2026-09-16T00:55:06.7420961Z ✔ [15/26] Built Cache.IO:c.o (1.5s)
2026-09-16T00:55:07.5429051Z ✔ [16/26] Built Cache.Requests (1.6s)
2026-09-16T00:55:08.0438686Z ✔ [17/26] Built Cache.Marker (514ms)
2026-09-16T00:55:08.2422123Z ✔ [18/26] Built Cache.Marker:c.o (135ms)
2026-09-16T00:55:08.7427144Z ✔ [19/26] Built Cache.Query (626ms)
2026-09-16T00:55:08.9430459Z ✔ [20/26] Built Cache.Query:c.o (238ms)
2026-09-16T00:55:09.3446855Z ✔ [21/26] Built Cache.Warning (672ms)
2026-09-16T00:55:09.6446782Z ✔ [22/26] Built Cache.Warning:c.o (213ms)
2026-09-16T00:55:10.0449931Z ✔ [23/26] Built Cache.Requests:c.o (2.5s)
2026-09-16T00:55:10.3453120Z ✔ [24/26] Built Cache.Main (1.0s)
2026-09-16T00:55:11.1463910Z ✔ [25/26] Built Cache.Main:c.o (718ms)
2026-09-16T00:55:11.7469073Z ✔ [26/26] Built cache:exe (642ms)
2026-09-16T00:55:14.2443958Z Current branch: HEAD
2026-09-16T00:55:14.2444406Z Using cache from origin: (some leanprover-community/mathlib4)
2026-09-16T00:55:14.2445293Z Attempting to download 8690 file(s) from leanprover-community/mathlib4 cache at https://lakecache.blob.core.windows.net/mathlib4-master
2026-09-16T00:55:15.2552318Z 
2026-09-16T00:55:15.3572001Z Downloaded: 1 file(s) [attempted 1/8690 = 0%, 25 KB/s], Decompressed: 0
2026-09-16T00:55:15.4582554Z Downloaded: 66 file(s) [attempted 66/8690 = 0%, 58 KB/s], Decompressed: 36
2026-09-16T00:55:15.5664887Z Downloaded: 145 file(s) [attempted 145/8690 = 1%, 265 KB/s], Decompressed: 63
2026-09-16T00:55:15.6680200Z Downloaded: 234 file(s) [attempted 234/8690 = 2%, 1364 KB/s], Decompressed: 115
2026-09-16T00:55:15.7708926Z Downloaded: 325 file(s) [attempted 325/8690 = 3%, 434 KB/s], Decompressed: 115
2026-09-16T00:55:15.8685401Z Downloaded: 409 file(s) [attempted 409/8690 = 4%, 502 KB/s], Decompressed: 115
2026-09-16T00:55:15.9683031Z Downloaded: 504 file(s) [attempted 504/8690 = 5%, 2579 KB/s], Decompressed: 231
2026-09-16T00:55:16.0694601Z Downloaded: 604 file(s) [attempted 604/8690 = 6%, 1015 KB/s], Decompressed: 231
2026-09-16T00:55:16.1726934Z Downloaded: 709 file(s) [attempted 709/8690 = 8%, 331 KB/s], Decompressed: 231
2026-09-16T00:55:16.2725159Z Downloaded: 814 file(s) [attempted 814/8690 = 9%, 837 KB/s], Decompressed: 231
2026-09-16T00:55:16.3754252Z Downloaded: 919 file(s) [attempted 919/8690 = 10%, 2477 KB/s], Decompressed: 231
2026-09-16T00:55:16.4757850Z Downloaded: 1024 file(s) [attempted 1024/8690 = 11%, 1864 KB/s], Decompressed: 231
2026-09-16T00:55:16.5758438Z Downloaded: 1119 file(s) [attempted 1119/8690 = 12%, 472 KB/s], Decompressed: 231
2026-09-16T00:55:16.6754961Z Downloaded: 1222 file(s) [attempted 1222/8690 = 14%, 409 KB/s], Decompressed: 497
2026-09-16T00:55:16.7754287Z Downloaded: 1324 file(s) [attempted 1324/8690 = 15%, 1343 KB/s], Decompressed: 497
2026-09-16T00:55:16.8770535Z Downloaded: 1427 file(s) [attempted 1427/8690 = 16%, 630 KB/s], Decompressed: 497
2026-09-16T00:55:16.9779027Z Downloaded: 1529 file(s) [attempted 1529/8690 = 17%, 897 KB/s], Decompressed: 497
2026-09-16T00:55:17.0791737Z Downloaded: 1634 file(s) [attempted 1634/8690 = 18%, 786 KB/s], Decompressed: 497
2026-09-16T00:55:17.1807294Z Downloaded: 1738 file(s) [attempted 1738/8690 = 20%, 825 KB/s], Decompressed: 497
2026-09-16T00:55:17.2814693Z Downloaded: 1834 file(s) [attempted 1834/8690 = 21%, 1165 KB/s], Decompressed: 497
2026-09-16T00:55:17.3821722Z Downloaded: 1937 file(s) [attempted 1937/8690 = 22%, 853 KB/s], Decompressed: 497
2026-09-16T00:55:17.4824872Z Downloaded: 2039 file(s) [attempted 2039/8690 = 23%, 3545 KB/s], Decompressed: 497
2026-09-16T00:55:17.5849075Z Downloaded: 2144 file(s) [attempted 2144/8690 = 24%, 297 KB/s], Decompressed: 497
2026-09-16T00:55:17.6848825Z Downloaded: 2249 file(s) [attempted 2249/8690 = 25%, 2268 KB/s], Decompressed: 497
2026-09-16T00:55:17.7871225Z Downloaded: 2356 file(s) [attempted 2356/8690 = 27%, 377 KB/s], Decompressed: 497
2026-09-16T00:55:17.8907550Z Downloaded: 2456 file(s) [attempted 2456/8690 = 28%, 1272 KB/s], Decompressed: 497
2026-09-16T00:55:17.9918187Z Downloaded: 2558 file(s) [attempted 2558/8690 = 29%, 428 KB/s], Decompressed: 497
2026-09-16T00:55:18.0916851Z Downloaded: 2670 file(s) [attempted 2670/8690 = 30%, 102 KB/s], Decompressed: 497
2026-09-16T00:55:18.1932875Z Downloaded: 2770 file(s) [attempted 2770/8690 = 31%, 101 KB/s], Decompressed: 497
2026-09-16T00:55:18.2967854Z Downloaded: 2875 file(s) [attempted 2875/8690 = 33%, 799 KB/s], Decompressed: 1145
2026-09-16T00:55:18.3961054Z Downloaded: 2980 file(s) [attempted 2980/8690 = 34%, 1805 KB/s], Decompressed: 1145
2026-09-16T00:55:18.4982315Z Downloaded: 3085 file(s) [attempted 3085/8690 = 35%, 814 KB/s], Decompressed: 1145
2026-09-16T00:55:18.6309396Z Downloaded: 3182 file(s) [attempted 3182/8690 = 36%, 251 KB/s], Decompressed: 1145
2026-09-16T00:55:18.7311901Z Downloaded: 3196 file(s) [attempted 3196/8690 = 36%, 397 KB/s], Decompressed: 1145
2026-09-16T00:55:18.8317493Z Downloaded: 3299 file(s) [attempted 3299/8690 = 37%, 522 KB/s], Decompressed: 1145
2026-09-16T00:55:18.9347009Z Downloaded: 3402 file(s) [attempted 3402/8690 = 39%, 3892 KB/s], Decompressed: 1145
2026-09-16T00:55:19.0366617Z Downloaded: 3508 file(s) [attempted 3508/8690 = 40%, 1315 KB/s], Decompressed: 1145
2026-09-16T00:55:19.1388825Z Downloaded: 3613 file(s) [attempted 3613/8690 = 41%, 301 KB/s], Decompressed: 1145
2026-09-16T00:55:19.2418158Z Downloaded: 3718 file(s) [attempted 3718/8690 = 42%, 1125 KB/s], Decompressed: 1145
2026-09-16T00:55:19.3395530Z Downloaded: 3823 file(s) [attempted 3823/8690 = 43%, 728 KB/s], Decompressed: 1145
2026-09-16T00:55:19.4398136Z Downloaded: 3925 file(s) [attempted 3925/8690 = 45%, 196 KB/s], Decompressed: 1145
2026-09-16T00:55:19.5441498Z Downloaded: 4025 file(s) [attempted 4025/8690 = 46%, 320 KB/s], Decompressed: 1145
2026-09-16T00:55:19.6445293Z Downloaded: 4130 file(s) [attempted 4130/8690 = 47%, 121 KB/s], Decompressed: 1145
2026-09-16T00:55:19.7477607Z Downloaded: 4235 file(s) [attempted 4235/8690 = 48%, 265 KB/s], Decompressed: 1145
2026-09-16T00:55:19.8505265Z Downloaded: 4340 file(s) [attempted 4340/8690 = 49%, 487 KB/s], Decompressed: 1145
2026-09-16T00:55:19.9537485Z Downloaded: 4417 file(s) [attempted 4417/8690 = 50%, 331 KB/s], Decompressed: 1145
2026-09-16T00:55:20.1077519Z Downloaded: 4519 file(s) [attempted 4519/8690 = 52%, 1805 KB/s], Decompressed: 1145
2026-09-16T00:55:20.2107313Z Downloaded: 4619 file(s) [attempted 4619/8690 = 53%, 619 KB/s], Decompressed: 1145
2026-09-16T00:55:20.3362970Z Downloaded: 4722 file(s) [attempted 4722/8690 = 54%, 124 KB/s], Decompressed: 1145
2026-09-16T00:55:20.4365005Z Downloaded: 4831 file(s) [attempted 4831/8690 = 55%, 818 KB/s], Decompressed: 1145
2026-09-16T00:55:20.5386035Z Downloaded: 4944 file(s) [attempted 4944/8690 = 56%, 291 KB/s], Decompressed: 1145
2026-09-16T00:55:20.6428802Z Downloaded: 5045 file(s) [attempted 5045/8690 = 58%, 760 KB/s], Decompressed: 1145
2026-09-16T00:55:20.7470999Z Downloaded: 5150 file(s) [attempted 5150/8690 = 59%, 1960 KB/s], Decompressed: 1145
2026-09-16T00:55:20.8536137Z Downloaded: 5248 file(s) [attempted 5248/8690 = 60%, 1101 KB/s], Decompressed: 1145
2026-09-16T00:55:20.9520603Z Downloaded: 5350 file(s) [attempted 5350/8690 = 61%, 3271 KB/s], Decompressed: 1145
2026-09-16T00:55:21.0547634Z Downloaded: 5455 file(s) [attempted 5455/8690 = 62%, 2074 KB/s], Decompressed: 1145
2026-09-16T00:55:21.1543501Z Downloaded: 5565 file(s) [attempted 5565/8690 = 64%, 240 KB/s], Decompressed: 1145
2026-09-16T00:55:21.2562964Z Downloaded: 5653 file(s) [attempted 5653/8690 = 65%, 939 KB/s], Decompressed: 1145
2026-09-16T00:55:21.3615995Z Downloaded: 5758 file(s) [attempted 5758/8690 = 66%, 1082 KB/s], Decompressed: 1145
2026-09-16T00:55:21.4603802Z Downloaded: 5860 file(s) [attempted 5860/8690 = 67%, 347 KB/s], Decompressed: 1145
2026-09-16T00:55:21.5642325Z Downloaded: 5962 file(s) [attempted 5962/8690 = 68%, 353 KB/s], Decompressed: 1145
2026-09-16T00:55:21.6631265Z Downloaded: 6072 file(s) [attempted 6072/8690 = 69%, 1022 KB/s], Decompressed: 1145
2026-09-16T00:55:21.7664080Z Downloaded: 6172 file(s) [attempted 6172/8690 = 71%, 437 KB/s], Decompressed: 1145
2026-09-16T00:55:21.8679550Z Downloaded: 6277 file(s) [attempted 6277/8690 = 72%, 601 KB/s], Decompressed: 1145
2026-09-16T00:55:22.0027595Z Downloaded: 6377 file(s) [attempted 6377/8690 = 73%, 132 KB/s], Decompressed: 1145
2026-09-16T00:55:22.1032763Z Downloaded: 6463 file(s) [attempted 6463/8690 = 74%, 444 KB/s], Decompressed: 1145
2026-09-16T00:55:22.2056819Z Downloaded: 6568 file(s) [attempted 6568/8690 = 75%, 474 KB/s], Decompressed: 1145
2026-09-16T00:55:22.3088157Z Downloaded: 6671 file(s) [attempted 6671/8690 = 76%, 796 KB/s], Decompressed: 1145
2026-09-16T00:55:22.4089280Z Downloaded: 6775 file(s) [attempted 6775/8690 = 77%, 1183 KB/s], Decompressed: 1145
2026-09-16T00:55:22.5088608Z Downloaded: 6882 file(s) [attempted 6882/8690 = 79%, 2632 KB/s], Decompressed: 2775
2026-09-16T00:55:22.6081706Z Downloaded: 6985 file(s) [attempted 6985/8690 = 80%, 576 KB/s], Decompressed: 2775
2026-09-16T00:55:22.7135149Z Downloaded: 7084 file(s) [attempted 7084/8690 = 81%, 585 KB/s], Decompressed: 2775
2026-09-16T00:55:22.8108852Z Downloaded: 7181 file(s) [attempted 7181/8690 = 82%, 449 KB/s], Decompressed: 2775
2026-09-16T00:55:22.9137717Z Downloaded: 7291 file(s) [attempted 7291/8690 = 83%, 1485 KB/s], Decompressed: 2775
2026-09-16T00:55:23.0146951Z Downloaded: 7399 file(s) [attempted 7399/8690 = 85%, 570 KB/s], Decompressed: 2775
2026-09-16T00:55:23.1147731Z Downloaded: 7504 file(s) [attempted 7504/8690 = 86%, 5046 KB/s], Decompressed: 2775
2026-09-16T00:55:23.2582755Z Downloaded: 7609 file(s) [attempted 7609/8690 = 87%, 6521 KB/s], Decompressed: 2775
2026-09-16T00:55:23.3725316Z Downloaded: 7653 file(s) [attempted 7653/8690 = 88%, 935 KB/s], Decompressed: 2775
2026-09-16T00:55:23.4742464Z Downloaded: 7756 file(s) [attempted 7756/8690 = 89%, 647 KB/s], Decompressed: 2775
2026-09-16T00:55:23.6438763Z Downloaded: 7860 file(s) [attempted 7860/8690 = 90%, 598 KB/s], Decompressed: 2775
2026-09-16T00:55:23.7430482Z Downloaded: 7965 file(s) [attempted 7965/8690 = 91%, 1054 KB/s], Decompressed: 2775
2026-09-16T00:55:23.9238612Z Downloaded: 8067 file(s) [attempted 8067/8690 = 92%, 382 KB/s], Decompressed: 2775
2026-09-16T00:55:24.0384586Z Downloaded: 8124 file(s) [attempted 8124/8690 = 93%, 2509 KB/s], Decompressed: 2775
2026-09-16T00:55:24.1385355Z Downloaded: 8226 file(s) [attempted 8226/8690 = 94%, 596 KB/s], Decompressed: 2775
2026-09-16T00:55:24.2419231Z Downloaded: 8331 file(s) [attempted 8331/8690 = 95%, 827 KB/s], Decompressed: 2775
2026-09-16T00:55:24.3460868Z Downloaded: 8436 file(s) [attempted 8436/8690 = 97%, 1043 KB/s], Decompressed: 2775
2026-09-16T00:55:24.4473591Z Downloaded: 8536 file(s) [attempted 8536/8690 = 98%, 5892 KB/s], Decompressed: 2775
2026-09-16T00:55:24.5503845Z Downloaded: 8645 file(s) [attempted 8645/8690 = 99%, 1887 KB/s], Decompressed: 2775
2026-09-16T00:55:24.5527142Z Downloaded: 8690 file(s) [attempted 8690/8690 = 100%, 1887 KB/s], Decompressed: 2775
2026-09-16T00:55:51.0611356Z Decompressed 8690 file(s)
2026-09-16T00:55:51.0611686Z Already decompressed 8690 file(s)
2026-09-16T00:55:51.1235807Z RUN ['lake', 'build', 'NLA.MI04.Definitions']
2026-09-16T00:55:55.0180497Z ✔ [2736/2736] Built NLA.MI04.Definitions (2.1s)
2026-09-16T00:55:55.0301314Z Build completed successfully (2736 jobs).
2026-09-16T00:55:55.1045357Z RUN ['lake', 'env', 'lean', 'Challenges/MI04.lean']
2026-09-16T00:55:57.5404924Z Challenges/MI04.lean:19:8: warning: declaration uses `sorry`
2026-09-16T00:55:57.5405321Z Challenges/MI04.lean:23:8: warning: declaration uses `sorry`
2026-09-16T00:55:57.5405793Z Challenges/MI04.lean:26:8: warning: declaration uses `sorry`
2026-09-16T00:55:57.5406554Z Challenges/MI04.lean:29:8: warning: declaration uses `sorry`
2026-09-16T00:55:57.5407022Z Challenges/MI04.lean:32:8: warning: declaration uses `sorry`
2026-09-16T00:55:57.5407517Z Challenges/MI04.lean:35:8: warning: declaration uses `sorry`
2026-09-16T00:55:57.5408010Z Challenges/MI04.lean:39:8: warning: declaration uses `sorry`
2026-09-16T00:55:57.5408482Z Challenges/MI04.lean:49:8: warning: declaration uses `sorry`
2026-09-16T00:55:57.5408942Z Challenges/MI04.lean:57:8: warning: declaration uses `sorry`
2026-09-16T00:55:57.5409436Z Challenges/MI04.lean:60:8: warning: declaration uses `sorry`
2026-09-16T00:55:57.5409913Z Challenges/MI04.lean:63:8: warning: declaration uses `sorry`
2026-09-16T00:55:57.5412451Z Challenges/MI04.lean:68:8: warning: declaration uses `sorry`
2026-09-16T00:55:57.5412889Z Challenges/MI04.lean:74:8: warning: declaration uses `sorry`
2026-09-16T00:55:57.5413311Z Challenges/MI04.lean:78:8: warning: declaration uses `sorry`
2026-09-16T00:55:57.5413732Z Challenges/MI04.lean:81:8: warning: declaration uses `sorry`
2026-09-16T00:55:57.5414164Z Challenges/MI04.lean:84:8: warning: declaration uses `sorry`
2026-09-16T00:55:57.5414946Z Challenges/MI04.lean:89:8: warning: declaration uses `sorry`
2026-09-16T00:55:57.5415408Z Challenges/MI04.lean:93:8: warning: declaration uses `sorry`
2026-09-16T00:55:57.5415849Z Challenges/MI04.lean:97:8: warning: declaration uses `sorry`
2026-09-16T00:55:57.5421147Z Challenges/MI04.lean:101:8: warning: declaration uses `sorry`
2026-09-16T00:55:57.5421516Z Challenges/MI04.lean:105:8: warning: declaration uses `sorry`
2026-09-16T00:55:57.6683662Z RUN ['lake', 'build', 'NLA.MF22.Norms', 'NLA.MF22.ScalarCertificates', 'NLA.MF22.Coordinates', 'NLA.MF22.SourceBounds', 'NLA.MF22.LeadingBlock', 'NLA.MF22.RootCubic', 'NLA.MF22.Roots', 'NLA.MF22.Coprime', 'NLA.MF22.SourceRecurrence', 'NLA.MF22.TransferCertificates', 'NLA.MF22.ScalarTail']
2026-09-16T00:56:02.3697821Z ✔ [3435/3448] Built LeanCert.Core.Interval (2.0s)
2026-09-16T00:56:02.5680040Z ✔ [3436/3451] Built NLA.MF22.Definitions (3.6s)
2026-09-16T00:56:02.6687575Z ✔ [3437/3473] Built LeanCert.Tactic.Verification (3.4s)
2026-09-16T00:56:04.7738174Z ✔ [3452/3474] Built LeanCert.Core.Expr (5.3s)
2026-09-16T00:56:05.8827639Z ✔ [3455/3474] Built LeanCert.Core.DerivativeIntervals (3.3s)
2026-09-16T00:56:08.5897492Z ℹ [3456/3474] Built NLA.MF22.Norms (5.0s)
2026-09-16T00:56:08.5927338Z info: NLA/MF22/Norms.lean:113:0: 'NLA.MF22.complex_entry_norm_bound' depends on axioms: [propext, Classical.choice, Quot.sound]
2026-09-16T00:56:10.0942784Z ✔ [3457/3474] Built LeanCert.Core.IntervalRat.Basic (7.8s)
2026-09-16T00:56:10.4917625Z ✔ [3459/3477] Built LeanCert.Core.Support (4.6s)
2026-09-16T00:56:10.4927026Z ✔ [3460/3477] Built LeanCert.Core.IntervalRat.LogReduction (5.7s)
2026-09-16T00:56:12.4997682Z ✔ [3462/3477] Built LeanCert.Meta.Numeral (3.9s)
2026-09-16T00:56:14.9097829Z ✔ [3463/3479] Built LeanCert.Tactic.IntervalAuto.Types (4.4s)
2026-09-16T00:56:15.6097674Z ✔ [3464/3479] Built LeanCert.Core.IntervalRat.Transcendental (5.5s)
2026-09-16T00:56:17.3137422Z ✔ [3465/3479] Built LeanCert.Core.Taylor (6.8s)
2026-09-16T00:56:17.5121789Z ✔ [3466/3481] Built LeanCert.Core.TrigReduction (5.1s)
2026-09-16T00:56:18.2147608Z ✔ [3467/3481] Built LeanCert.Tactic.IntervalAuto.Extract (3.3s)
2026-09-16T00:56:20.4250919Z ✔ [3468/3489] Built LeanCert.Engine.Eval.Result (2.9s)
2026-09-16T00:56:20.6277457Z ✔ [3470/3490] Built LeanCert.Meta.ToExpr (4.0s)
2026-09-16T00:56:21.1317775Z ✔ [3471/3496] Built LeanCert.Tactic.IntervalAuto.Norm (3.8s)
2026-09-16T00:56:26.7586695Z ✔ [3472/3500] Built LeanCert.Core.Dyadic (5.7s)
2026-09-16T00:56:27.9575811Z ✔ [3473/3501] Built LeanCert.Contrib.Sinc (7.5s)
2026-09-16T00:56:28.6582961Z ✔ [3474/3501] Built LeanCert.Tactic.IntervalAuto.Parse (8.0s)
2026-09-16T00:56:28.7608242Z ✔ [3475/3542] Built LeanCert.Tactic.NumericalRefinement (769ms)
2026-09-16T00:56:30.5627582Z ✔ [3525/3602] Built LeanCert.Tactic.LeanCert.Bridge.Environment (3.8s)
2026-09-16T00:56:31.9647587Z ✔ [3526/3603] Built LeanCert.Tactic.VecUtil (3.1s)
2026-09-16T00:56:32.7677907Z ✔ [3527/3603] Built LeanCert.Tactic.IntervalAuto.Diagnostic (4.1s)
2026-09-16T00:56:34.1707608Z ✔ [3528/3609] Built LeanCert.Tactic.LeanCert.Normalize (3.6s)
2026-09-16T00:56:34.1727392Z ✔ [3529/3609] Built LeanCert.Tactic.FinSumExpand (2.2s)
2026-09-16T00:56:35.7753151Z ✔ [3530/3618] Built LeanCert.Tactic.FinsetParse (3.1s)
2026-09-16T00:56:35.7777422Z ✔ [3531/3618] Built LeanCert.Tactic.BridgeNative (1.7s)
2026-09-16T00:56:36.9847541Z ✔ [3532/3618] Built LeanCert.Core.IntervalRat.Taylor (18s)
2026-09-16T00:56:37.1837613Z ✔ [3533/3618] Built LeanCert.Validity.Eventual (3.0s)
2026-09-16T00:56:37.3837637Z ✔ [3534/3622] Built LeanCert.Tactic.LeanCert.Semantic.Domain (1.6s)
2026-09-16T00:56:37.3867117Z ✔ [3535/3622] Built LeanCert.Tactic.VecSimp (1.6s)
2026-09-16T00:56:39.1877496Z ✔ [3536/3622] Built LeanCert.Tactic.LeanCert.Semantic.Goal (1.8s)
2026-09-16T00:56:39.2907483Z ✔ [3537/3623] Built LeanCert.Core.IntervalReal (2.3s)
2026-09-16T00:56:39.8899423Z ✔ [3538/3623] Built LeanCert.Core.IntervalRat.TrigReduced (2.7s)
2026-09-16T00:56:40.6927754Z ✔ [3539/3623] Built LeanCert.Tactic.LeanCert.Semantic.Parse.Comparison (1.4s)
2026-09-16T00:56:42.0010630Z ✔ [3540/3623] Built LeanCert.Tactic.EventualBound (4.7s)
2026-09-16T00:56:42.0036757Z ✔ [3541/3623] Built LeanCert.Tactic.Extension.Protocol (2.8s)
2026-09-16T00:56:46.2217941Z ✔ [3542/3626] Built LeanCert.Tactic.LeanCert.Diagnostic.Evidence (4.2s)
2026-09-16T00:56:46.7217748Z ✔ [3543/3626] Built LeanCert.Engine.Affine.Basic (6.9s)
2026-09-16T00:56:48.3210053Z ✔ [3544/3626] Built LeanCert.Core.IntervalRealEndpoints (6.3s)
2026-09-16T00:56:48.9217674Z ✔ [3545/3626] Built LeanCert.Core.IntervalDyadic (8.2s)
2026-09-16T00:56:50.0262180Z ✔ [3546/3626] Built LeanCert.Tactic.LeanCert.Semantic.Parse.Bound (3.7s)
2026-09-16T00:56:50.0263128Z ✔ [3547/3626] Built LeanCert.Tactic.LeanCert.Config (1.7s)
2026-09-16T00:56:50.2271563Z ✔ [3548/3630] Built LeanCert.Tactic.Extension.Registry (3.5s)
2026-09-16T00:56:54.4375973Z ✔ [3550/3639] Built LeanCert.Engine.Affine.Nonlinear (5.5s)
2026-09-16T00:56:55.3388609Z ✔ [3551/3641] Built LeanCert.Engine.Algebra.QPoly (5.1s)
2026-09-16T00:56:55.7467780Z ✔ [3552/3644] Built LeanCert.Core.DyadicCell (5.7s)
2026-09-16T00:56:57.2557513Z ✔ [3553/3645] Built LeanCert.Engine.FloatEval (2.8s)
2026-09-16T00:56:58.4517182Z ✔ [3554/3646] Built LeanCert.Engine.Eval.Core (8.5s)
2026-09-16T00:56:58.8567567Z ✔ [3555/3647] Built LeanCert.Engine.Algebra.QPolyIntegral (3.6s)
2026-09-16T00:56:58.8596891Z ✔ [3556/3647] Built LeanCert.Tactic.Extension.Command (3.1s)
2026-09-16T00:57:00.0627736Z ✔ [3557/3647] Built LeanCert.Core.DyadicFrontier (2.7s)
2026-09-16T00:57:01.9657712Z ⚠ [3558/3662] Built NLA.MF22.Coordinates (3.5s)
2026-09-16T00:57:01.9707634Z warning: NLA/MF22/Coordinates.lean:57:35: Variable name `hn` is not explicitly referenced.
2026-09-16T00:57:01.9736581Z 
2026-09-16T00:57:01.9767514Z Hint: The binding can be removed (if unused) or named `_` (if used implicitly). Alternatively, prefix the name with `_` to silence this warning:
2026-09-16T00:57:01.9796745Z   [apply] _hn
2026-09-16T00:57:01.9826465Z 
2026-09-16T00:57:01.9856998Z Note: This linter can be disabled with `set_option linter.unusedVariables false`
2026-09-16T00:57:01.9887124Z info: NLA/MF22/Coordinates.lean:72:0: 'NLA.MF22.source_boundaries' depends on axioms: [propext, Classical.choice, Quot.sound]
2026-09-16T00:57:02.9747993Z ✔ [3568/3663] Built LeanCert.Engine.Eval.Extended (4.0s)
2026-09-16T00:57:02.9776861Z ✔ [3569/3663] Built LeanCert.Tactic.Extension (2.9s)
2026-09-16T00:57:03.2729335Z ⚠ [3570/3663] Built NLA.MF22.SourceBounds (4.4s)
2026-09-16T00:57:03.2746974Z warning: NLA/MF22/SourceBounds.lean:37:12: This simp argument is unused:
2026-09-16T00:57:03.2767129Z   norm_mul
2026-09-16T00:57:03.2796892Z 
2026-09-16T00:57:03.2817801Z Hint: Omit it from the simp argument list.
2026-09-16T00:57:03.2837238Z   [apply] simp [Complex.norm_real, Real.norm_eq_abs, abs_of_pos hρ]
2026-09-16T00:57:03.2856791Z 
2026-09-16T00:57:03.2887097Z Note: This linter can be disabled with `set_option linter.unusedSimpArgs false`
2026-09-16T00:57:03.2917252Z info: NLA/MF22/SourceBounds.lean:43:0: 'NLA.MF22.source_entry_bound' depends on axioms: [propext, Classical.choice, Quot.sound]
2026-09-16T00:57:04.8742380Z ✔ [3571/3663] Built LeanCert.Engine.Bounds.Lemmas (1.9s)
2026-09-16T00:57:06.2802106Z ✖ [3572/3663] Building NLA.MF22.ScalarTail (3.4s)
2026-09-16T00:57:06.2812128Z trace: .> LEAN_PATH=/home/runner/work/OpenProblemsInNLA/OpenProblemsInNLA/.lean-development/.lake/packages/Cli/.lake/build/lib/lean:/home/runner/work/OpenProblemsInNLA/OpenProblemsInNLA/.lean-development/.lake/packages/batteries/.lake/build/lib/lean:/home/runner/work/OpenProblemsInNLA/OpenProblemsInNLA/.lean-development/.lake/packages/Qq/.lake/build/lib/lean:/home/runner/work/OpenProblemsInNLA/OpenProblemsInNLA/.lean-development/.lake/packages/aesop/.lake/build/lib/lean:/home/runner/work/OpenProblemsInNLA/OpenProblemsInNLA/.lean-development/.lake/packages/proofwidgets/.lake/build/lib/lean:/home/runner/work/OpenProblemsInNLA/OpenProblemsInNLA/.lean-development/.lake/packages/importGraph/.lake/build/lib/lean:/home/runner/work/OpenProblemsInNLA/OpenProblemsInNLA/.lean-development/.lake/packages/LeanSearchClient/.lake/build/lib/lean:/home/runner/work/OpenProblemsInNLA/OpenProblemsInNLA/.lean-development/.lake/packages/plausible/.lake/build/lib/lean:/home/runner/work/OpenProblemsInNLA/OpenProblemsInNLA/.lean-development/.lake/packages/mathlib/.lake/build/lib/lean:/home/runner/work/OpenProblemsInNLA/OpenProblemsInNLA/.lean-development/.lake/packages/leancert/.lake/build/lib/lean:/home/runner/work/OpenProblemsInNLA/OpenProblemsInNLA/.lean-development/.lake/build/lib/lean /home/runner/.elan/toolchains/leanprover--lean4---v4.33.1/bin/lean /home/runner/work/OpenProblemsInNLA/OpenProblemsInNLA/.lean-development/NLA/MF22/ScalarTail.lean -o /home/runner/work/OpenProblemsInNLA/OpenProblemsInNLA/.lean-development/.lake/build/lib/lean/NLA/MF22/ScalarTail.olean -i /home/runner/work/OpenProblemsInNLA/OpenProblemsInNLA/.lean-development/.lake/build/lib/lean/NLA/MF22/ScalarTail.ilean -c /home/runner/work/OpenProblemsInNLA/OpenProblemsInNLA/.lean-development/.lake/build/ir/NLA/MF22/ScalarTail.c --setup /home/runner/work/OpenProblemsInNLA/OpenProblemsInNLA/.lean-development/.lake/build/ir/NLA/MF22/ScalarTail.setup.json --json
2026-09-16T00:57:06.2823336Z error: NLA/MF22/ScalarTail.lean:31:21: unsolved goals
2026-09-16T00:57:06.2823841Z d : ℂ
2026-09-16T00:57:06.2824061Z he : d = 0
2026-09-16T00:57:06.2824336Z h : 2 ≤ 0
2026-09-16T00:57:06.2824588Z ⊢ False
2026-09-16T00:57:06.2824888Z error: NLA/MF22/ScalarTail.lean:57:50: unsolved goals
2026-09-16T00:57:06.2825273Z γ μ : ℂ
2026-09-16T00:57:06.2826007Z hγ : γ ≠ 0
2026-09-16T00:57:06.2826677Z hμ : 1 < ‖μ‖
2026-09-16T00:57:06.2826999Z r : ℕ → ℂ
2026-09-16T00:57:06.2827237Z C : ℝ
2026-09-16T00:57:06.2827456Z hC : 0 < C
2026-09-16T00:57:06.2827743Z hr : ∀ (n : ℕ), ‖r n‖ ≤ C
2026-09-16T00:57:06.2828057Z hg : 0 < ‖γ‖
2026-09-16T00:57:06.2828322Z hl : 0 < ‖μ‖
2026-09-16T00:57:06.2828897Z hlne : μ ≠ 0
2026-09-16T00:57:06.2829255Z hevent : ∀ᶠ (n : ℕ) in atTop, 2 * C / ‖γ‖ ≤ ‖μ‖ ^ n
2026-09-16T00:57:06.2829614Z N : ℕ
2026-09-16T00:57:06.2829948Z hN : ∀ (b : ℕ), N ≤ b → 2 * C / ‖γ‖ ≤ ‖μ‖ ^ b
2026-09-16T00:57:06.2830288Z n : ℕ
2026-09-16T00:57:06.2830545Z hn : max 1 N ≤ n
2026-09-16T00:57:06.2830855Z hpow : 2 * C / ‖γ‖ ≤ ‖μ‖ ^ n
2026-09-16T00:57:06.2831180Z hgn : γ * μ ^ n ≠ 0
2026-09-16T00:57:06.2831474Z hpos : 0 < ‖γ‖ * ‖μ‖ ^ n
2026-09-16T00:57:06.2831817Z d : ℂ := (γ * μ ^ n + r n) / (γ * μ ^ n)
2026-09-16T00:57:06.2832206Z ⊢ γ * μ ^ n + r n - γ * μ ^ n = r n
2026-09-16T00:57:06.2832855Z error: NLA/MF22/ScalarTail.lean:82:21: #assert_trust: 'NLA.MF22.scalar_dominant_tail' depends on sorry or unrecognized axioms
2026-09-16T00:57:06.2833566Z   foundational: propext, Classical.choice, Quot.sound
2026-09-16T00:57:06.2833948Z   sorryAx: sorryAx
2026-09-16T00:57:06.2834588Z info: NLA/MF22/ScalarTail.lean:83:0: 'NLA.MF22.scalar_dominant_tail' depends on axioms: [propext, sorryAx, Classical.choice, Quot.sound]
2026-09-16T00:57:06.2835318Z error: Lean exited with code 1
2026-09-16T00:57:06.8827917Z ✔ [3573/3663] Built LeanCert.Engine.IntervalEval (2.1s)
2026-09-16T00:57:07.5887485Z ⚠ [3574/3663] Built NLA.MF22.SourceRows (5.7s)
2026-09-16T00:57:07.5916952Z warning: NLA/MF22/SourceRows.lean:54:10: This simp argument is unused:
2026-09-16T00:57:07.5946872Z   h
2026-09-16T00:57:07.5978484Z 
2026-09-16T00:57:07.5997129Z Hint: Omit it from the simp argument list.
2026-09-16T00:57:07.6036705Z   [apply] simp [he.mp h]
2026-09-16T00:57:07.6066422Z 
2026-09-16T00:57:07.6077662Z Note: This linter can be disabled with `set_option linter.unusedSimpArgs false`
2026-09-16T00:57:09.5937856Z ✔ [3575/3663] Built LeanCert.Validity.Bounds.Checked (2.7s)
2026-09-16T00:57:09.7937627Z ✔ [3576/3663] Built LeanCert.Validity.Bounds.Core (2.8s)
2026-09-16T00:57:10.8941728Z ✔ [3577/3663] Built LeanCert.Engine.Affine.Transcendental (4.0s)
2026-09-16T00:57:13.6027582Z ✔ [3578/3663] Built LeanCert.Engine.Optimization.Box (3.8s)
2026-09-16T00:57:14.0027604Z ✔ [3579/3663] Built LeanCert.Engine.IntervalEvalDyadic (6.4s)
2026-09-16T00:57:14.9067831Z ✔ [3580/3663] Built LeanCert.Engine.RootFinding.Basic (5.3s)
2026-09-16T00:57:16.9071848Z ✔ [3581/3663] Built LeanCert.Engine.AD.Basic (2.9s)
2026-09-16T00:57:17.3099446Z ✔ [3582/3663] Built LeanCert.Engine.Integrate (6.4s)
2026-09-16T00:57:21.0243610Z ✔ [3583/3663] Built LeanCert.Engine.Search.Heuristic (4.0s)
2026-09-16T00:57:21.2236036Z ✔ [3584/3663] Built LeanCert.Engine.IntervalEvalAffine (6.3s)
2026-09-16T00:57:22.7329580Z ✔ [3585/3663] Built LeanCert.Engine.FinSumDyadic (5.4s)
2026-09-16T00:57:23.1304769Z ✔ [3586/3663] Built LeanCert.Engine.TaylorModel.Core (9.6s)
2026-09-16T00:57:24.5357546Z ✔ [3587/3663] Built LeanCert.Validity.DyadicBounds (3.5s)
2026-09-16T00:57:26.4467546Z ✔ [3588/3663] Built LeanCert.Engine.RootFinding.Bisection (5.3s)
2026-09-16T00:57:27.0457809Z ✔ [3589/3663] Built LeanCert.Engine.Affine.Environment (3.9s)
2026-09-16T00:57:27.2487669Z ✔ [3590/3663] Built LeanCert.Engine.AD.Transcendental (4.5s)
2026-09-16T00:57:27.7507426Z ✔ [3591/3663] Built LeanCert.Engine.WitnessSum (3.2s)
2026-09-16T00:57:29.6496473Z ✔ [3592/3663] Built LeanCert.Engine.TaylorModel.Special (2.6s)
2026-09-16T00:57:29.8517655Z ✔ [3593/3663] Built LeanCert.Engine.TaylorModel.Integral (3.4s)
2026-09-16T00:57:34.9727538Z ✔ [3594/3663] Built LeanCert.Engine.AD.Eval (5.1s)
2026-09-16T00:57:35.2747726Z ✔ [3595/3663] Built LeanCert.Engine.TaylorModel.ExpLog (7.6s)
2026-09-16T00:57:39.0807287Z ✔ [3596/3663] Built LeanCert.Engine.AD.Correctness (4.1s)
2026-09-16T00:57:39.7847660Z ✔ [3597/3663] Built LeanCert.Engine.TaylorModel.Trig (10s)
2026-09-16T00:57:40.1857627Z ✔ [3598/3663] Built LeanCert.Engine.TaylorModel.Hyperbolic (12s)
2026-09-16T00:57:42.2927594Z ✔ [3599/3663] Built LeanCert.Engine.AD.Computable (3.2s)
2026-09-16T00:57:42.2956900Z ✔ [3600/3663] Built LeanCert.Engine.TaylorModel.Functions (2.1s)
2026-09-16T00:57:43.7953218Z ✔ [3601/3663] Built LeanCert.Engine.AD.PartialCorrectness (4.7s)
2026-09-16T00:57:45.4007785Z ✔ [3602/3663] Built LeanCert.Engine.AD.DomainChecked (3.1s)
2026-09-16T00:57:46.0987378Z ✔ [3603/3663] Built LeanCert.Engine.TaylorModel.Expr (3.8s)
2026-09-16T00:57:47.9037859Z ✔ [3604/3663] Built LeanCert.Engine.TaylorModel (1.8s)
2026-09-16T00:57:48.2022380Z ✔ [3605/3663] Built LeanCert.Engine.AD.Dyadic (2.9s)
2026-09-16T00:57:49.8087498Z ✔ [3606/3663] Built LeanCert.Engine.AD (1.5s)
2026-09-16T00:57:53.4258447Z ✔ [3607/3663] Built LeanCert.Validity.Bounds.Smart (3.7s)
2026-09-16T00:57:53.8207693Z ✔ [3608/3663] Built LeanCert.Meta.ProveSupported (4.1s)
2026-09-16T00:57:53.8227259Z ✔ [3609/3663] Built LeanCert.Engine.IntervalEvalRefined (4.0s)
2026-09-16T00:57:55.4168392Z ✔ [3610/3663] Built LeanCert.Engine.Optimize (5.6s)
2026-09-16T00:57:56.6197724Z ✔ [3611/3663] Built LeanCert.Validity.Bounds.Bridge (3.2s)
2026-09-16T00:57:58.1221601Z ✔ [3612/3663] Built LeanCert.Meta.ProveContinuous (4.3s)
2026-09-16T00:57:59.6237592Z ✔ [3613/3663] Built LeanCert.Tactic.IntervalAuto.ProveCommon (5.8s)
2026-09-16T00:58:00.8307554Z ✔ [3614/3663] Built LeanCert.Validity.Bounds.Basic (2.7s)
2026-09-16T00:58:01.4317652Z ✔ [3615/3663] Built LeanCert.Engine.Optimization.Gradient (5.0s)
2026-09-16T00:58:01.5317818Z ✔ [3616/3663] Built LeanCert.Engine.RootFinding.Newton (4.9s)
2026-09-16T00:58:04.1408485Z ✔ [3617/3663] Built LeanCert.Tactic.IntervalAuto.Basic (2.7s)
2026-09-16T00:58:04.2457810Z ✔ [3618/3663] Built LeanCert.Tactic.LeanCert.Bridge.ReifiedFunction (3.4s)
2026-09-16T00:58:06.1517777Z ✔ [3619/3663] Built LeanCert.Validity.Integration (6.5s)
2026-09-16T00:58:14.0777780Z ✔ [3620/3663] Built LeanCert.Engine.RootFinding.Krawczyk (9.0s)
2026-09-16T00:58:14.4767658Z ✔ [3621/3663] Built LeanCert.Tactic.LeanCert.Semantic.Prepare (8.4s)
2026-09-16T00:58:15.7747926Z ✔ [3622/3663] Built LeanCert.Engine.RootFinding.MVTBounds (11s)
2026-09-16T00:58:18.0789022Z ✔ [3623/3663] Built LeanCert.Engine.RootFinding.KrawczykCandidate (3.6s)
2026-09-16T00:58:18.7861461Z ✔ [3624/3663] Built LeanCert.Validity.Krawczyk (3.1s)
2026-09-16T00:58:21.0877533Z ✔ [3625/3663] Built LeanCert.Tactic.LeanCert.Integral (6.9s)
2026-09-16T00:58:22.7967532Z ✔ [3626/3663] Built LeanCert.Engine.Optimization.Global (21s)
2026-09-16T00:58:24.6059714Z ✔ [3627/3663] Built LeanCert.Tactic.LeanCert.Solver.Protocol (5.8s)
2026-09-16T00:58:25.4057584Z ✔ [3628/3663] Built LeanCert.Tactic.Extension.Execute (7.3s)
2026-09-16T00:58:25.7077444Z ✔ [3629/3663] Built LeanCert.Validity.Types (2.9s)
2026-09-16T00:58:26.1067507Z ✔ [3630/3663] Built LeanCert.Engine.RootFinding.Contraction (5.1s)
2026-09-16T00:58:27.4139069Z ✔ [3631/3663] Built LeanCert.Engine.Optimization.Guided (2.8s)
2026-09-16T00:58:28.1172945Z ✔ [3632/3663] Built LeanCert.Engine.Search.CounterExample (2.7s)
2026-09-16T00:58:28.8207755Z ✔ [3633/3663] Built LeanCert.Engine.Optimization.BoundVerify (3.2s)
2026-09-16T00:58:29.5209969Z ✔ [3634/3663] Built LeanCert.Tactic.LeanCert.Diagnostic.Render (3.4s)
2026-09-16T00:58:30.1220302Z ✔ [3635/3663] Built LeanCert.Engine.RootFinding.Main (1.0s)
2026-09-16T00:58:30.3222855Z ✔ [3636/3663] Built LeanCert.Tactic.Enclosure (2.0s)
2026-09-16T00:58:33.9271125Z ✔ [3637/3663] Built LeanCert.Validity.Bounds (3.7s)
2026-09-16T00:58:37.0387519Z ✔ [3638/3663] Built LeanCert.Discovery.Find (3.2s)
2026-09-16T00:58:37.5371678Z ✔ [3639/3663] Built LeanCert.Tactic.IntervalAuto.OptBound (3.6s)
2026-09-16T00:58:38.9434552Z ✔ [3640/3663] Built LeanCert.Tactic.IntervalAuto.Multivariate (5.0s)
2026-09-16T00:58:40.0455133Z ✔ [3641/3663] Built LeanCert.Tactic.IntervalAuto.RootBound (2.0s)
2026-09-16T00:58:45.7504197Z ✔ [3642/3663] Built LeanCert.Tactic.IntervalAuto.Bound (11s)
2026-09-16T00:58:50.3632178Z ✔ [3643/3663] Built LeanCert.Tactic.IntervalAuto.Subdiv (4.6s)
2026-09-16T00:58:51.4650543Z ✔ [3644/3663] Built LeanCert.Tactic.IntervalAuto.Adaptive (5.7s)
2026-09-16T00:58:52.7663500Z ✔ [3645/3663] Built LeanCert.Tactic.IntervalAuto.PointIneq (7.0s)
2026-09-16T00:58:54.6673134Z ✔ [3646/3663] Built LeanCert.Tactic.IntervalAuto (1.9s)
2026-09-16T00:58:57.9716003Z ✔ [3647/3663] Built LeanCert.Tactic.Refute (3.3s)
2026-09-16T00:58:59.2729921Z ✔ [3648/3663] Built LeanCert.Tactic.FinSumWitness (4.5s)
2026-09-16T00:59:02.6784101Z ✔ [3649/3663] Built LeanCert.Tactic.FinSumBound (3.4s)
2026-09-16T00:59:04.8820655Z ✔ [3650/3663] Built LeanCert.Tactic.Discovery (10s)
2026-09-16T00:59:05.1824529Z ✔ [3651/3663] Built LeanCert.Tactic.LeanCert.Semantic.Parse (2.5s)
2026-09-16T00:59:07.7851333Z ✔ [3652/3663] Built LeanCert.Tactic.Krawczyk (2.6s)
2026-09-16T00:59:13.5909591Z ✔ [3653/3663] Built LeanCert.Tactic.LeanCert.Router (5.9s)
2026-09-16T00:59:15.6923133Z ✔ [3654/3663] Built LeanCert.Tactic.LeanCert (2.1s)
2026-09-16T00:59:17.7945282Z ✔ [3655/3663] Built LeanCert.Tactic (2.1s)
2026-09-16T00:59:21.1017224Z ⚠ [3656/3663] Built NLA.MF22.RootCubic (3.3s)
2026-09-16T00:59:21.1017849Z warning: NLA/MF22/RootCubic.lean:104:41: Used `tac1 <;> tac2` where `(tac1; tac2)` would suffice
2026-09-16T00:59:21.1018312Z 
2026-09-16T00:59:21.1018597Z Note: This linter can be disabled with `set_option linter.unnecessarySeqFocus false`
2026-09-16T00:59:21.1019526Z info: NLA/MF22/RootCubic.lean:112:0: 'NLA.MF22.negative_cubic_configuration' depends on axioms: [propext, Classical.choice, Quot.sound]
2026-09-16T00:59:21.8063715Z ⚠ [3657/3663] Built NLA.MF22.ScalarCertificates (4.0s)
2026-09-16T00:59:21.8064875Z warning: NLA/MF22/ScalarCertificates.lean:71:27: This simp argument is unused:
2026-09-16T00:59:21.8065796Z   Complex.I_sq
2026-09-16T00:59:21.8066136Z 
2026-09-16T00:59:21.8066617Z Hint: Omit it from the simp argument list.
2026-09-16T00:59:21.8067543Z   [apply] simp only [Complex.I_pow_three, Complex.I_pow_four]
2026-09-16T00:59:21.8068207Z 
2026-09-16T00:59:21.8068795Z Note: This linter can be disabled with `set_option linter.unusedSimpArgs false`
2026-09-16T00:59:21.8069923Z warning: NLA/MF22/ScalarCertificates.lean:71:62: This simp argument is unused:
2026-09-16T00:59:21.8070744Z   Complex.I_pow_four
2026-09-16T00:59:21.8071105Z 
2026-09-16T00:59:21.8071430Z Hint: Omit it from the simp argument list.
2026-09-16T00:59:21.8072142Z   [apply] simp only [Complex.I_sq, Complex.I_pow_three]
2026-09-16T00:59:21.8072659Z 
2026-09-16T00:59:21.8073700Z Note: This linter can be disabled with `set_option linter.unusedSimpArgs false`
2026-09-16T00:59:21.8074834Z warning: NLA/MF22/ScalarCertificates.lean:70:18: Used `tac1 <;> tac2` where `(tac1; tac2)` would suffice
2026-09-16T00:59:21.8075527Z 
2026-09-16T00:59:21.8076012Z Note: This linter can be disabled with `set_option linter.unnecessarySeqFocus false`
2026-09-16T00:59:21.8077173Z warning: NLA/MF22/ScalarCertificates.lean:71:12: Used `tac1 <;> tac2` where `(tac1; tac2)` would suffice
2026-09-16T00:59:21.8077936Z 
2026-09-16T00:59:21.8078430Z Note: This linter can be disabled with `set_option linter.unnecessarySeqFocus false`
2026-09-16T00:59:21.8079487Z warning: NLA/MF22/ScalarCertificates.lean:71:82: Used `tac1 <;> tac2` where `(tac1; tac2)` would suffice
2026-09-16T00:59:21.8080213Z 
2026-09-16T00:59:21.8080678Z Note: This linter can be disabled with `set_option linter.unnecessarySeqFocus false`
2026-09-16T00:59:21.8081591Z warning: NLA/MF22/ScalarCertificates.lean:97:62: This simp argument is unused:
2026-09-16T00:59:21.8082215Z   Complex.I_pow_four
2026-09-16T00:59:21.8082512Z 
2026-09-16T00:59:21.8082774Z Hint: Omit it from the simp argument list.
2026-09-16T00:59:21.8083294Z   [apply] simp only [Complex.I_sq, Complex.I_pow_three]
2026-09-16T00:59:21.8083689Z 
2026-09-16T00:59:21.8084071Z Note: This linter can be disabled with `set_option linter.unusedSimpArgs false`
2026-09-16T00:59:21.8084891Z warning: NLA/MF22/ScalarCertificates.lean:93:57: Used `tac1 <;> tac2` where `(tac1; tac2)` would suffice
2026-09-16T00:59:21.8085477Z 
2026-09-16T00:59:21.8085869Z Note: This linter can be disabled with `set_option linter.unnecessarySeqFocus false`
2026-09-16T00:59:21.8086928Z warning: NLA/MF22/ScalarCertificates.lean:97:12: Used `tac1 <;> tac2` where `(tac1; tac2)` would suffice
2026-09-16T00:59:21.8087490Z 
2026-09-16T00:59:21.8087880Z Note: This linter can be disabled with `set_option linter.unnecessarySeqFocus false`
2026-09-16T00:59:21.8088849Z warning: NLA/MF22/ScalarCertificates.lean:97:82: Used `tac1 <;> tac2` where `(tac1; tac2)` would suffice
2026-09-16T00:59:21.8089412Z 
2026-09-16T00:59:21.8089791Z Note: This linter can be disabled with `set_option linter.unnecessarySeqFocus false`
2026-09-16T00:59:21.8090566Z warning: NLA/MF22/ScalarCertificates.lean:117:59: Unused tactic linter: `ring` does nothing
2026-09-16T00:59:21.8091108Z 
2026-09-16T00:59:21.8091465Z Note: This linter can be disabled with `set_option linter.unusedTactic false`
2026-09-16T00:59:21.8092189Z warning: NLA/MF22/ScalarCertificates.lean:117:59: this tactic is never executed
2026-09-16T00:59:21.8092673Z 
2026-09-16T00:59:21.8093061Z Note: This linter can be disabled with `set_option linter.unreachableTactic false`
2026-09-16T00:59:21.8093893Z warning: NLA/MF22/ScalarCertificates.lean:115:58: Used `tac1 <;> tac2` where `(tac1; tac2)` would suffice
2026-09-16T00:59:21.8094490Z 
2026-09-16T00:59:21.8094906Z Note: This linter can be disabled with `set_option linter.unnecessarySeqFocus false`
2026-09-16T00:59:21.8095950Z info: NLA/MF22/ScalarCertificates.lean:126:0: 'NLA.MF22.quartic_factorization' depends on axioms: [propext, Classical.choice, Quot.sound]
2026-09-16T00:59:21.8097555Z info: NLA/MF22/ScalarCertificates.lean:128:0: 'NLA.MF22.cayley_identity' depends on axioms: [propext, Classical.choice, Quot.sound]
2026-09-16T00:59:21.8098686Z info: NLA/MF22/ScalarCertificates.lean:130:0: 'NLA.MF22.positive_discriminant_factor' depends on axioms: [propext, Classical.choice, Quot.sound]
2026-09-16T00:59:21.8099826Z info: NLA/MF22/ScalarCertificates.lean:132:0: 'NLA.MF22.real_cubic_discriminant' depends on axioms: [propext, Classical.choice, Quot.sound]
2026-09-16T00:59:21.8100944Z info: NLA/MF22/ScalarCertificates.lean:134:0: 'NLA.MF22.exceptional_parameter' depends on axioms: [propext, Classical.choice, Quot.sound]
2026-09-16T00:59:25.2187485Z ⚠ [3658/3663] Built NLA.MF22.LeadingBlock (3.4s)
2026-09-16T00:59:25.2217155Z warning: NLA/MF22/LeadingBlock.lean:24:10: Used `tac1 <;> tac2` where `(tac1; tac2)` would suffice
2026-09-16T00:59:25.2246520Z 
2026-09-16T00:59:25.2277383Z Note: This linter can be disabled with `set_option linter.unnecessarySeqFocus false`
2026-09-16T00:59:25.2306909Z warning: NLA/MF22/LeadingBlock.lean:24:38: Used `tac1 <;> tac2` where `(tac1; tac2)` would suffice
2026-09-16T00:59:25.2336487Z 
2026-09-16T00:59:25.2366893Z Note: This linter can be disabled with `set_option linter.unnecessarySeqFocus false`
2026-09-16T00:59:25.2397069Z info: NLA/MF22/LeadingBlock.lean:48:0: 'NLA.MF22.leading_block_invertible' depends on axioms: [propext, Classical.choice, Quot.sound]
2026-09-16T00:59:26.3222400Z ✖ [3659/3663] Building NLA.MF22.RootCayley (4.5s)
2026-09-16T00:59:26.3255485Z trace: .> LEAN_PATH=/home/runner/work/OpenProblemsInNLA/OpenProblemsInNLA/.lean-development/.lake/packages/Cli/.lake/build/lib/lean:/home/runner/work/OpenProblemsInNLA/OpenProblemsInNLA/.lean-development/.lake/packages/batteries/.lake/build/lib/lean:/home/runner/work/OpenProblemsInNLA/OpenProblemsInNLA/.lean-development/.lake/packages/Qq/.lake/build/lib/lean:/home/runner/work/OpenProblemsInNLA/OpenProblemsInNLA/.lean-development/.lake/packages/aesop/.lake/build/lib/lean:/home/runner/work/OpenProblemsInNLA/OpenProblemsInNLA/.lean-development/.lake/packages/proofwidgets/.lake/build/lib/lean:/home/runner/work/OpenProblemsInNLA/OpenProblemsInNLA/.lean-development/.lake/packages/importGraph/.lake/build/lib/lean:/home/runner/work/OpenProblemsInNLA/OpenProblemsInNLA/.lean-development/.lake/packages/LeanSearchClient/.lake/build/lib/lean:/home/runner/work/OpenProblemsInNLA/OpenProblemsInNLA/.lean-development/.lake/packages/plausible/.lake/build/lib/lean:/home/runner/work/OpenProblemsInNLA/OpenProblemsInNLA/.lean-development/.lake/packages/mathlib/.lake/build/lib/lean:/home/runner/work/OpenProblemsInNLA/OpenProblemsInNLA/.lean-development/.lake/packages/leancert/.lake/build/lib/lean:/home/runner/work/OpenProblemsInNLA/OpenProblemsInNLA/.lean-development/.lake/build/lib/lean /home/runner/.elan/toolchains/leanprover--lean4---v4.33.1/bin/lean /home/runner/work/OpenProblemsInNLA/OpenProblemsInNLA/.lean-development/NLA/MF22/RootCayley.lean -o /home/runner/work/OpenProblemsInNLA/OpenProblemsInNLA/.lean-development/.lake/build/lib/lean/NLA/MF22/RootCayley.olean -i /home/runner/work/OpenProblemsInNLA/OpenProblemsInNLA/.lean-development/.lake/build/lib/lean/NLA/MF22/RootCayley.ilean -c /home/runner/work/OpenProblemsInNLA/OpenProblemsInNLA/.lean-development/.lake/build/ir/NLA/MF22/RootCayley.c --setup /home/runner/work/OpenProblemsInNLA/OpenProblemsInNLA/.lean-development/.lake/build/ir/NLA/MF22/RootCayley.setup.json --json
2026-09-16T00:59:26.3287099Z warning: NLA/MF22/RootCayley.lean:35:62: Used `tac1 <;> tac2` where `(tac1; tac2)` would suffice
2026-09-16T00:59:26.3316589Z 
2026-09-16T00:59:26.3336897Z Note: This linter can be disabled with `set_option linter.unnecessarySeqFocus false`
2026-09-16T00:59:26.3347201Z warning: NLA/MF22/RootCayley.lean:39:62: Used `tac1 <;> tac2` where `(tac1; tac2)` would suffice
2026-09-16T00:59:26.3366555Z 
2026-09-16T00:59:26.3396985Z Note: This linter can be disabled with `set_option linter.unnecessarySeqFocus false`
2026-09-16T00:59:26.3426885Z warning: NLA/MF22/RootCayley.lean:120:41: Try `simp at hu` instead of `simpa using hu`
2026-09-16T00:59:26.3427337Z 
2026-09-16T00:59:26.3456929Z Note: This linter can be disabled with `set_option linter.unnecessarySimpa false`
2026-09-16T00:59:26.3486943Z warning: NLA/MF22/RootCayley.lean:121:41: Try `simp at hv` instead of `simpa using hv`
2026-09-16T00:59:26.3516489Z 
2026-09-16T00:59:26.3527034Z Note: This linter can be disabled with `set_option linter.unnecessarySimpa false`
2026-09-16T00:59:26.3546741Z error: NLA/MF22/RootCayley.lean:146:4: unsolved goals
2026-09-16T00:59:26.3547282Z case refine_2.«0»
2026-09-16T00:59:26.3547527Z ρ : ℝ
2026-09-16T00:59:26.3547791Z hρ : 0 < ρ
2026-09-16T00:59:26.3548025Z t u v : ℂ
2026-09-16T00:59:26.3548269Z ht : ‖t‖ = 1
2026-09-16T00:59:26.3548517Z hu : ‖u‖ < 1
2026-09-16T00:59:26.3548741Z hv : 1 < ‖v‖
2026-09-16T00:59:26.3549038Z hqt : eval t (quotientCubic ρ) = 0
2026-09-16T00:59:26.3549406Z hqu : eval u (quotientCubic ρ) = 0
2026-09-16T00:59:26.3550119Z hqv : eval v (quotientCubic ρ) = 0
2026-09-16T00:59:26.3550443Z h1t : 1 ≠ t
2026-09-16T00:59:26.3550689Z h1u : 1 ≠ u
2026-09-16T00:59:26.3550924Z h1v : 1 ≠ v
2026-09-16T00:59:26.3551162Z htu : t ≠ u
2026-09-16T00:59:26.3551396Z htv : t ≠ v
2026-09-16T00:59:26.3551626Z huv : u ≠ v
2026-09-16T00:59:26.3552080Z hroot : ∀ (z : ℂ), eval z (quotientCubic ρ) = 0 → z ≠ 0 ∧ (quartic ρ).IsRoot z
2026-09-16T00:59:26.3552573Z roots : Fin 4 → ℂ := ![1, t, u, v]
2026-09-16T00:59:26.3553007Z ⊢ roots 0 - 1 = 0 ∨ eval (roots 0) (quotientCubic ρ) = 0
2026-09-16T00:59:26.3553778Z error: NLA/MF22/RootCayley.lean:153:21: #assert_trust: 'NLA.MF22.rootData_of_quotient_configuration' depends on sorry or unrecognized axioms
2026-09-16T00:59:26.3554559Z   foundational: propext, Classical.choice, Quot.sound
2026-09-16T00:59:26.3554951Z   sorryAx: sorryAx
2026-09-16T00:59:26.3555656Z info: NLA/MF22/RootCayley.lean:154:0: 'NLA.MF22.rootData_of_quotient_configuration' depends on axioms: [propext, sorryAx, Classical.choice, Quot.sound]
2026-09-16T00:59:26.3556562Z error: Lean exited with code 1
2026-09-16T00:59:28.1262877Z ✖ [3661/3663] Building NLA.MF22.Coprime (6.3s)
2026-09-16T00:59:28.1314788Z trace: .> LEAN_PATH=/home/runner/work/OpenProblemsInNLA/OpenProblemsInNLA/.lean-development/.lake/packages/Cli/.lake/build/lib/lean:/home/runner/work/OpenProblemsInNLA/OpenProblemsInNLA/.lean-development/.lake/packages/batteries/.lake/build/lib/lean:/home/runner/work/OpenProblemsInNLA/OpenProblemsInNLA/.lean-development/.lake/packages/Qq/.lake/build/lib/lean:/home/runner/work/OpenProblemsInNLA/OpenProblemsInNLA/.lean-development/.lake/packages/aesop/.lake/build/lib/lean:/home/runner/work/OpenProblemsInNLA/OpenProblemsInNLA/.lean-development/.lake/packages/proofwidgets/.lake/build/lib/lean:/home/runner/work/OpenProblemsInNLA/OpenProblemsInNLA/.lean-development/.lake/packages/importGraph/.lake/build/lib/lean:/home/runner/work/OpenProblemsInNLA/OpenProblemsInNLA/.lean-development/.lake/packages/LeanSearchClient/.lake/build/lib/lean:/home/runner/work/OpenProblemsInNLA/OpenProblemsInNLA/.lean-development/.lake/packages/plausible/.lake/build/lib/lean:/home/runner/work/OpenProblemsInNLA/OpenProblemsInNLA/.lean-development/.lake/packages/mathlib/.lake/build/lib/lean:/home/runner/work/OpenProblemsInNLA/OpenProblemsInNLA/.lean-development/.lake/packages/leancert/.lake/build/lib/lean:/home/runner/work/OpenProblemsInNLA/OpenProblemsInNLA/.lean-development/.lake/build/lib/lean /home/runner/.elan/toolchains/leanprover--lean4---v4.33.1/bin/lean /home/runner/work/OpenProblemsInNLA/OpenProblemsInNLA/.lean-development/NLA/MF22/Coprime.lean -o /home/runner/work/OpenProblemsInNLA/OpenProblemsInNLA/.lean-development/.lake/build/lib/lean/NLA/MF22/Coprime.olean -i /home/runner/work/OpenProblemsInNLA/OpenProblemsInNLA/.lean-development/.lake/build/lib/lean/NLA/MF22/Coprime.ilean -c /home/runner/work/OpenProblemsInNLA/OpenProblemsInNLA/.lean-development/.lake/build/ir/NLA/MF22/Coprime.c --setup /home/runner/work/OpenProblemsInNLA/OpenProblemsInNLA/.lean-development/.lake/build/ir/NLA/MF22/Coprime.setup.json --json
2026-09-16T00:59:28.1324081Z error: NLA/MF22/Coprime.lean:41:4: `simp` made no progress
2026-09-16T00:59:28.1324524Z error: NLA/MF22/Coprime.lean:37:37: unsolved goals
2026-09-16T00:59:28.1324865Z case right
2026-09-16T00:59:28.1325190Z ρ : ℝ
2026-09-16T00:59:28.1325403Z z : ℂ
2026-09-16T00:59:28.1326457Z ⊢ (coefficientA ρ - 24 * ↑ρ * z + coefficientF ρ * z ^ 2) * (coefficientD ρ + 24 * ↑ρ * z + coefficientE ρ * z ^ 2) -
2026-09-16T00:59:28.1327264Z       (coefficientB ρ + 96 * Complex.I * z + coefficientC ρ * z ^ 2) ^ 2 =
2026-09-16T00:59:28.1327692Z     24 *
2026-09-16T00:59:28.1328120Z       (leadingScalar ρ + middleScalar ρ * z + centralScalar ρ * z ^ 2 +
2026-09-16T00:59:28.1328691Z           (24 * ↑ρ ^ 2 - 80 * Complex.I * ↑ρ - 240) * z ^ 3 +
2026-09-16T00:59:28.1329189Z         (30 - ↑ρ ^ 2 + 10 * Complex.I * ↑ρ) * z ^ 4)
2026-09-16T00:59:28.1329734Z warning: NLA/MF22/Coprime.lean:75:12: Used `tac1 <;> tac2` where `(tac1; tac2)` would suffice
2026-09-16T00:59:28.1330431Z 
2026-09-16T00:59:28.1330736Z Note: This linter can be disabled with `set_option linter.unnecessarySeqFocus false`
2026-09-16T00:59:28.1331442Z warning: NLA/MF22/Coprime.lean:75:81: Used `tac1 <;> tac2` where `(tac1; tac2)` would suffice
2026-09-16T00:59:28.1331848Z 
2026-09-16T00:59:28.1332129Z Note: This linter can be disabled with `set_option linter.unnecessarySeqFocus false`
2026-09-16T00:59:28.1332785Z warning: NLA/MF22/Coprime.lean:98:83: Unused tactic linter: `ring` does nothing
2026-09-16T00:59:28.1333155Z 
2026-09-16T00:59:28.1333407Z Note: This linter can be disabled with `set_option linter.unusedTactic false`
2026-09-16T00:59:28.1333978Z warning: NLA/MF22/Coprime.lean:98:83: this tactic is never executed
2026-09-16T00:59:28.1334297Z 
2026-09-16T00:59:28.1334573Z Note: This linter can be disabled with `set_option linter.unreachableTactic false`
2026-09-16T00:59:28.1335243Z warning: NLA/MF22/Coprime.lean:98:10: Used `tac1 <;> tac2` where `(tac1; tac2)` would suffice
2026-09-16T00:59:28.1335662Z 
2026-09-16T00:59:28.1335944Z Note: This linter can be disabled with `set_option linter.unnecessarySeqFocus false`
2026-09-16T00:59:28.1376813Z info: NLA/MF22/Coprime.lean:110:85: Try this:
2026-09-16T00:59:28.1377183Z   [apply] ring_nf
2026-09-16T00:59:28.1377426Z   
2026-09-16T00:59:28.1377817Z   The `ring` tactic failed to close the goal. Use `ring_nf` to obtain a normal form.
2026-09-16T00:59:28.1378285Z     
2026-09-16T00:59:28.1379078Z   Note that `ring` works primarily in *commutative* rings. If you have a noncommutative ring, abelian group or module, consider using `noncomm_ring`, `abel` or `module` instead.
2026-09-16T00:59:28.1380029Z error: NLA/MF22/Coprime.lean:106:65: unsolved goals
2026-09-16T00:59:28.1380465Z ρ : ℝ
2026-09-16T00:59:28.1381045Z ⊢ 27000 + ↑ρ * Complex.I * 30600 - ↑ρ * Complex.I * (30 + ↑ρ * Complex.I * 22 + ↑ρ ^ 2 * 7)⁻¹ * 345600 -
2026-09-16T00:59:28.1382043Z                                                     ↑ρ * Complex.I *
2026-09-16T00:59:28.1382619Z                                                         (900 + ↑ρ * Complex.I * 1320 - ↑ρ ^ 2 * 64 +
2026-09-16T00:59:28.1383257Z                                                               ↑ρ ^ 3 * Complex.I * 308 +
2026-09-16T00:59:28.1383790Z                                                             ↑ρ ^ 4 * 49)⁻¹ *
2026-09-16T00:59:28.1384199Z                                                       25505280 +
2026-09-16T00:59:28.1384664Z                                                   ↑ρ ^ 2 * 10380 +
2026-09-16T00:59:28.1385325Z                                                 ↑ρ ^ 2 * (30 + ↑ρ * Complex.I * 22 + ↑ρ ^ 2 * 7)⁻¹ * 4490640 +
2026-09-16T00:59:28.1385858Z                                               ↑ρ ^ 2 *
2026-09-16T00:59:28.1386521Z                                                   (900 + ↑ρ * Complex.I * 1320 - ↑ρ ^ 2 * 64 +
2026-09-16T00:59:28.1387121Z                                                         ↑ρ ^ 3 * Complex.I * 308 +
2026-09-16T00:59:28.1387655Z                                                       ↑ρ ^ 4 * 49)⁻¹ *
2026-09-16T00:59:28.1388032Z                                                 28921536 +
2026-09-16T00:59:28.1388514Z                                             ↑ρ ^ 3 * Complex.I * 8560 -
2026-09-16T00:59:28.1389143Z                                           ↑ρ ^ 3 * Complex.I * (30 + ↑ρ * Complex.I * 22 + ↑ρ ^ 2 * 7)⁻¹ * 774528 -
2026-09-16T00:59:28.1389708Z                                         ↑ρ ^ 3 * Complex.I *
2026-09-16T00:59:28.1390320Z                                             (900 + ↑ρ * Complex.I * 1320 - ↑ρ ^ 2 * 64 + ↑ρ ^ 3 * Complex.I * 308 +
2026-09-16T00:59:28.1390906Z                                                 ↑ρ ^ 4 * 49)⁻¹ *
2026-09-16T00:59:28.1391273Z                                           46747584 +
2026-09-16T00:59:28.1391719Z                                       ↑ρ ^ 4 * 4614 +
2026-09-16T00:59:28.1392245Z                                     ↑ρ ^ 4 * (30 + ↑ρ * Complex.I * 22 + ↑ρ ^ 2 * 7)⁻¹ * 1495780 +
2026-09-16T00:59:28.1392971Z                                   ↑ρ ^ 4 *
2026-09-16T00:59:28.1393555Z                                       (900 + ↑ρ * Complex.I * 1320 - ↑ρ ^ 2 * 64 + ↑ρ ^ 3 * Complex.I * 308 +
2026-09-16T00:59:28.1394117Z                                           ↑ρ ^ 4 * 49)⁻¹ *
2026-09-16T00:59:28.1394471Z                                     3066480 -
2026-09-16T00:59:28.1394901Z                                 ↑ρ ^ 5 * Complex.I * 798 -
2026-09-16T00:59:28.1395475Z                               ↑ρ ^ 5 * Complex.I * (30 + ↑ρ * Complex.I * 22 + ↑ρ ^ 2 * 7)⁻¹ * 724424 -
2026-09-16T00:59:28.1396010Z                             ↑ρ ^ 5 * Complex.I *
2026-09-16T00:59:28.1396814Z                                 (900 + ↑ρ * Complex.I * 1320 - ↑ρ ^ 2 * 64 + ↑ρ ^ 3 * Complex.I * 308 + ↑ρ ^ 4 * 49)⁻¹ *
2026-09-16T00:59:28.1397357Z                               20708736 -
2026-09-16T00:59:28.1397738Z                           ↑ρ ^ 6 * 49 -
2026-09-16T00:59:28.1398224Z                         ↑ρ ^ 6 * (30 + ↑ρ * Complex.I * 22 + ↑ρ ^ 2 * 7)⁻¹ * 113148 -
2026-09-16T00:59:28.1398913Z                       ↑ρ ^ 6 * (900 + ↑ρ * Complex.I * 1320 - ↑ρ ^ 2 * 64 + ↑ρ ^ 3 * Complex.I * 308 + ↑ρ ^ 4 * 49)⁻¹ *
2026-09-16T00:59:28.1399403Z                         7938376 +
2026-09-16T00:59:28.1399935Z                     ↑ρ ^ 7 * Complex.I * (30 + ↑ρ * Complex.I * 22 + ↑ρ ^ 2 * 7)⁻¹ * 3724 +
2026-09-16T00:59:28.1400595Z                   ↑ρ ^ 7 * Complex.I *
2026-09-16T00:59:28.1401193Z                       (900 + ↑ρ * Complex.I * 1320 - ↑ρ ^ 2 * 64 + ↑ρ ^ 3 * Complex.I * 308 + ↑ρ ^ 4 * 49)⁻¹ *
2026-09-16T00:59:28.1401684Z                     372400 -
2026-09-16T00:59:28.1402133Z                 ↑ρ ^ 8 * (30 + ↑ρ * Complex.I * 22 + ↑ρ ^ 2 * 7)⁻¹ * 343 -
2026-09-16T00:59:28.1402823Z               ↑ρ ^ 8 * (900 + ↑ρ * Complex.I * 1320 - ↑ρ ^ 2 * 64 + ↑ρ ^ 3 * Complex.I * 308 + ↑ρ ^ 4 * 49)⁻¹ * 359268 +
2026-09-16T00:59:28.1403713Z             ↑ρ ^ 9 * Complex.I *
2026-09-16T00:59:28.1404283Z                 (900 + ↑ρ * Complex.I * 1320 - ↑ρ ^ 2 * 64 + ↑ρ ^ 3 * Complex.I * 308 + ↑ρ ^ 4 * 49)⁻¹ *
2026-09-16T00:59:28.1404754Z               76832 +
2026-09-16T00:59:28.1405299Z           ↑ρ ^ 10 * (900 + ↑ρ * Complex.I * 1320 - ↑ρ ^ 2 * 64 + ↑ρ ^ 3 * Complex.I * 308 + ↑ρ ^ 4 * 49)⁻¹ * 4802 +
2026-09-16T00:59:28.1405917Z         (30 + ↑ρ * Complex.I * 22 + ↑ρ ^ 2 * 7)⁻¹ * 2592000 +
2026-09-16T00:59:28.1436913Z       (900 + ↑ρ * Complex.I * 1320 - ↑ρ ^ 2 * 64 + ↑ρ ^ 3 * Complex.I * 308 + ↑ρ ^ 4 * 49)⁻¹ * 18662400 =
2026-09-16T00:59:28.1437733Z     134136 - ↑ρ * Complex.I * 103032 + ↑ρ ^ 2 * 32436 - ↑ρ ^ 3 * Complex.I * 40632 - ↑ρ ^ 4 * 10404 +
2026-09-16T00:59:28.1438289Z       ↑ρ ^ 5 * Complex.I * 840
2026-09-16T00:59:28.1438739Z error: NLA/MF22/Coprime.lean:159:6: linarith failed to find a contradiction
2026-09-16T00:59:28.1439231Z case h1
2026-09-16T00:59:28.1439526Z ρ : ℝ
2026-09-16T00:59:28.1439786Z hρ : 0 < ρ
2026-09-16T00:59:28.1440025Z z : ℂ
2026-09-16T00:59:28.1440588Z hN : eval ((7 * ↑ρ ^ 2 - 24 + 34 * Complex.I * ↑ρ) / (7 * ↑ρ ^ 2 + 30 + 22 * Complex.I * ↑ρ)) (numerator ρ) = 0
2026-09-16T00:59:28.1441175Z hd : eval z (denominator ρ) = 0
2026-09-16T00:59:28.1441509Z hz : z ≠ 0
2026-09-16T00:59:28.1441969Z heq₁ : coefficientA ρ * auxiliaryEll ρ z = coefficientB ρ * auxiliaryH ρ z
2026-09-16T00:59:28.1442643Z heq₂ : auxiliaryAlpha ρ z * auxiliaryEll ρ z = auxiliaryH ρ z ^ 2
2026-09-16T00:59:28.1443145Z hh : auxiliaryH ρ z ≠ 0
2026-09-16T00:59:28.1443636Z hex : coefficientA ρ * auxiliaryH ρ z = coefficientB ρ * auxiliaryAlpha ρ z
2026-09-16T00:59:28.1444360Z hzero : 24 - 7 * ↑ρ ^ 2 - 34 * Complex.I * ↑ρ + (7 * ↑ρ ^ 2 + 30 + 22 * Complex.I * ↑ρ) * z = 0
2026-09-16T00:59:28.1445075Z hzexact : z = (7 * ↑ρ ^ 2 - 24 + 34 * Complex.I * ↑ρ) / (7 * ↑ρ ^ 2 + 30 + 22 * Complex.I * ↑ρ)
2026-09-16T00:59:28.1445860Z he : 0 = 134136 + 32436 * ↑ρ ^ 2 - 10404 * ↑ρ ^ 4 + Complex.I * ↑ρ * (-103032 - 40632 * ↑ρ ^ 2 + 840 * ↑ρ ^ 4)
2026-09-16T00:59:28.1446719Z hre : 0 = 134136 + 32436 * ρ ^ 2 - 10404 * ρ ^ 4
2026-09-16T00:59:28.1447429Z him : ρ = 0 ∨ -103032 - 40632 * ρ ^ 2 + 840 * ρ ^ 4 = 0
2026-09-16T00:59:28.1447942Z a✝ : ρ * (-103032 - 40632 * ρ ^ 2 + 840 * ρ ^ 4) < 0
2026-09-16T00:59:28.1448329Z ⊢ False
2026-09-16T00:59:28.1448547Z failed
2026-09-16T00:59:28.1449153Z error: NLA/MF22/Coprime.lean:167:21: #assert_trust: 'NLA.MF22.numerator_denominator_coprime' depends on sorry or unrecognized axioms
2026-09-16T00:59:28.1449892Z   foundational: propext, Classical.choice, Quot.sound
2026-09-16T00:59:28.1450253Z   sorryAx: sorryAx
2026-09-16T00:59:28.1450917Z info: NLA/MF22/Coprime.lean:168:0: 'NLA.MF22.numerator_denominator_coprime' depends on axioms: [propext, sorryAx, Classical.choice, Quot.sound]
2026-09-16T00:59:28.1451671Z error: Lean exited with code 1
2026-09-16T00:59:30.6295543Z ✖ [3662/3663] Building NLA.MF22.SourceRecurrence (5.5s)
2026-09-16T00:59:30.6307238Z trace: .> LEAN_PATH=/home/runner/work/OpenProblemsInNLA/OpenProblemsInNLA/.lean-development/.lake/packages/Cli/.lake/build/lib/lean:/home/runner/work/OpenProblemsInNLA/OpenProblemsInNLA/.lean-development/.lake/packages/batteries/.lake/build/lib/lean:/home/runner/work/OpenProblemsInNLA/OpenProblemsInNLA/.lean-development/.lake/packages/Qq/.lake/build/lib/lean:/home/runner/work/OpenProblemsInNLA/OpenProblemsInNLA/.lean-development/.lake/packages/aesop/.lake/build/lib/lean:/home/runner/work/OpenProblemsInNLA/OpenProblemsInNLA/.lean-development/.lake/packages/proofwidgets/.lake/build/lib/lean:/home/runner/work/OpenProblemsInNLA/OpenProblemsInNLA/.lean-development/.lake/packages/importGraph/.lake/build/lib/lean:/home/runner/work/OpenProblemsInNLA/OpenProblemsInNLA/.lean-development/.lake/packages/LeanSearchClient/.lake/build/lib/lean:/home/runner/work/OpenProblemsInNLA/OpenProblemsInNLA/.lean-development/.lake/packages/plausible/.lake/build/lib/lean:/home/runner/work/OpenProblemsInNLA/OpenProblemsInNLA/.lean-development/.lake/packages/mathlib/.lake/build/lib/lean:/home/runner/work/OpenProblemsInNLA/OpenProblemsInNLA/.lean-development/.lake/packages/leancert/.lake/build/lib/lean:/home/runner/work/OpenProblemsInNLA/OpenProblemsInNLA/.lean-development/.lake/build/lib/lean /home/runner/.elan/toolchains/leanprover--lean4---v4.33.1/bin/lean /home/runner/work/OpenProblemsInNLA/OpenProblemsInNLA/.lean-development/NLA/MF22/SourceRecurrence.lean -o /home/runner/work/OpenProblemsInNLA/OpenProblemsInNLA/.lean-development/.lake/build/lib/lean/NLA/MF22/SourceRecurrence.olean -i /home/runner/work/OpenProblemsInNLA/OpenProblemsInNLA/.lean-development/.lake/build/lib/lean/NLA/MF22/SourceRecurrence.ilean -c /home/runner/work/OpenProblemsInNLA/OpenProblemsInNLA/.lean-development/.lake/build/ir/NLA/MF22/SourceRecurrence.c --setup /home/runner/work/OpenProblemsInNLA/OpenProblemsInNLA/.lean-development/.lake/build/ir/NLA/MF22/SourceRecurrence.setup.json --json
2026-09-16T00:59:30.6317525Z error: NLA/MF22/SourceRecurrence.lean:40:8: Tactic `rewrite` failed: Did not find an occurrence of the pattern
2026-09-16T00:59:30.6319193Z   Matrix.mulVec (scaledToeplitz ?ρ ?m.301) ?x (?j, 0)
2026-09-16T00:59:30.6320413Z in the target expression
2026-09-16T00:59:30.6321217Z   Matrix.mulVec (scaledToeplitz ρ n) x (j, (fun i => i) ⟨0, ⋯⟩) =
2026-09-16T00:59:30.6321985Z     (Matrix.mulVec (leadingBlock ρ) ![coordinate x (↑↑j + 1) 0, coordinate x (↑↑j) 1] -
2026-09-16T00:59:30.6322570Z         (transferRhs ρ).mulVec (sourceState x ↑j))
2026-09-16T00:59:30.6322948Z       ((fun i => i) ⟨0, ⋯⟩)
2026-09-16T00:59:30.6323124Z 
2026-09-16T00:59:30.6323250Z case «0»
2026-09-16T00:59:30.6323458Z n : ℕ
2026-09-16T00:59:30.6323675Z ρ : ℝ
2026-09-16T00:59:30.6323877Z x : BlockVector n
2026-09-16T00:59:30.6324106Z j : Fin n
2026-09-16T00:59:30.6324490Z ⊢ Matrix.mulVec (scaledToeplitz ρ n) x (j, (fun i => i) ⟨0, ⋯⟩) =
2026-09-16T00:59:30.6325134Z     (Matrix.mulVec (leadingBlock ρ) ![coordinate x (↑↑j + 1) 0, coordinate x (↑↑j) 1] -
2026-09-16T00:59:30.6325705Z         (transferRhs ρ).mulVec (sourceState x ↑j))
2026-09-16T00:59:30.6326076Z       ((fun i => i) ⟨0, ⋯⟩)
2026-09-16T00:59:30.6326997Z error: NLA/MF22/SourceRecurrence.lean:44:8: Tactic `rewrite` failed: Did not find an occurrence of the pattern
2026-09-16T00:59:30.6327680Z   Matrix.mulVec (scaledToeplitz ?ρ ?m.305) ?x (?j, 1)
2026-09-16T00:59:30.6328050Z in the target expression
2026-09-16T00:59:30.6328502Z   Matrix.mulVec (scaledToeplitz ρ n) x (j, (fun i => i) ⟨1, ⋯⟩) =
2026-09-16T00:59:30.6329185Z     (Matrix.mulVec (leadingBlock ρ) ![coordinate x (↑↑j + 1) 0, coordinate x (↑↑j) 1] -
2026-09-16T00:59:30.6329810Z         (transferRhs ρ).mulVec (sourceState x ↑j))
2026-09-16T00:59:30.6330200Z       ((fun i => i) ⟨1, ⋯⟩)
2026-09-16T00:59:30.6330379Z 
2026-09-16T00:59:30.6330491Z case «1»
2026-09-16T00:59:30.6330710Z n : ℕ
2026-09-16T00:59:30.6330930Z ρ : ℝ
2026-09-16T00:59:30.6331141Z x : BlockVector n
2026-09-16T00:59:30.6331375Z j : Fin n
2026-09-16T00:59:30.6331776Z ⊢ Matrix.mulVec (scaledToeplitz ρ n) x (j, (fun i => i) ⟨1, ⋯⟩) =
2026-09-16T00:59:30.6332607Z     (Matrix.mulVec (leadingBlock ρ) ![coordinate x (↑↑j + 1) 0, coordinate x (↑↑j) 1] -
2026-09-16T00:59:30.6333207Z         (transferRhs ρ).mulVec (sourceState x ↑j))
2026-09-16T00:59:30.6333603Z       ((fun i => i) ⟨1, ⋯⟩)
2026-09-16T00:59:30.6334087Z error: NLA/MF22/SourceRecurrence.lean:83:6: Type mismatch: After simplification, term
2026-09-16T00:59:30.6334610Z   congrFun h 0
2026-09-16T00:59:30.6334840Z  has type
2026-09-16T00:59:30.6335239Z   @Eq ℂ (coordinate x (↑↑j + 1) 0) ((leadingBlock ρ)⁻¹.mulVec b 0)
2026-09-16T00:59:30.6335665Z but is expected to have type
2026-09-16T00:59:30.6336017Z   @Eq ℂ (coordinate x (↑↑j + 1) 0)
2026-09-16T00:59:30.6336635Z     ((leadingBlock ρ)⁻¹.mulVec
2026-09-16T00:59:30.6336980Z       ((transferRhs ρ).mulVec
2026-09-16T00:59:30.6337605Z           ![coordinate x (↑↑j) 0, coordinate x (↑↑j - 1) 1, coordinate x (↑↑j - 1) 0, coordinate x (↑↑j - 2) 1] +
2026-09-16T00:59:30.6338415Z         f)
2026-09-16T00:59:30.6338633Z       0)
2026-09-16T00:59:30.6339035Z error: NLA/MF22/SourceRecurrence.lean:84:6: Type mismatch: After simplification, term
2026-09-16T00:59:30.6339526Z   congrFun h 1
2026-09-16T00:59:30.6339753Z  has type
2026-09-16T00:59:30.6340132Z   @Eq ℂ (coordinate x (↑↑j) 1) ((leadingBlock ρ)⁻¹.mulVec b 1)
2026-09-16T00:59:30.6340526Z but is expected to have type
2026-09-16T00:59:30.6340843Z   @Eq ℂ (coordinate x (↑↑j) 1)
2026-09-16T00:59:30.6341149Z     ((leadingBlock ρ)⁻¹.mulVec
2026-09-16T00:59:30.6341459Z       ((transferRhs ρ).mulVec
2026-09-16T00:59:30.6342036Z           ![coordinate x (↑↑j) 0, coordinate x (↑↑j - 1) 1, coordinate x (↑↑j - 1) 0, coordinate x (↑↑j - 2) 1] +
2026-09-16T00:59:30.6342550Z         f)
2026-09-16T00:59:30.6342760Z       1)
2026-09-16T00:59:30.6343159Z error: NLA/MF22/SourceRecurrence.lean:93:6: Type mismatch: After simplification, term
2026-09-16T00:59:30.6343653Z   congrFun h 0
2026-09-16T00:59:30.6343874Z  has type
2026-09-16T00:59:30.6344138Z   @Eq ℂ (coordinate x (↑↑j + 1) 0)
2026-09-16T00:59:30.6344490Z     ((leadingBlock ρ)⁻¹.mulVec
2026-09-16T00:59:30.6344801Z       ((transferRhs ρ).mulVec
2026-09-16T00:59:30.6345733Z           ![coordinate x (↑↑j) 0, coordinate x (↑↑j - 1) 1, coordinate x (↑↑j - 1) 0, coordinate x (↑↑j - 2) 1] +
2026-09-16T00:59:30.6346388Z         f)
2026-09-16T00:59:30.6346586Z       0)
2026-09-16T00:59:30.6346816Z but is expected to have type
2026-09-16T00:59:30.6347267Z   @Eq ℂ (coordinate x (↑↑j + 1) 0) ((leadingBlock ρ)⁻¹.mulVec b 0)
2026-09-16T00:59:30.6348018Z error: NLA/MF22/SourceRecurrence.lean:94:6: Type mismatch: After simplification, term
2026-09-16T00:59:30.6348520Z   congrFun h 1
2026-09-16T00:59:30.6348741Z  has type
2026-09-16T00:59:30.6349160Z   @Eq ℂ (coordinate x (↑↑j) 1)
2026-09-16T00:59:30.6349492Z     ((leadingBlock ρ)⁻¹.mulVec
2026-09-16T00:59:30.6349816Z       ((transferRhs ρ).mulVec
2026-09-16T00:59:30.6350430Z           ![coordinate x (↑↑j) 0, coordinate x (↑↑j - 1) 1, coordinate x (↑↑j - 1) 0, coordinate x (↑↑j - 2) 1] +
2026-09-16T00:59:30.6351083Z         f)
2026-09-16T00:59:30.6351283Z       1)
2026-09-16T00:59:30.6351504Z but is expected to have type
2026-09-16T00:59:30.6351930Z   @Eq ℂ (coordinate x (↑↑j) 1) ((leadingBlock ρ)⁻¹.mulVec b 1)
2026-09-16T00:59:30.6352482Z warning: NLA/MF22/SourceRecurrence.lean:86:8: This simp argument is unused:
2026-09-16T00:59:30.6353094Z   Matrix.cons_val_three
2026-09-16T00:59:30.6353268Z 
2026-09-16T00:59:30.6353404Z Hint: Omit it from the simp argument list.
2026-09-16T00:59:30.6353961Z   [apply] simp [sourceState, Nat.cast_add, Matrix.cons_val_two, Matrix.vecHead, Matrix.vecTail]
2026-09-16T00:59:30.6354517Z 
2026-09-16T00:59:30.6354771Z Note: This linter can be disabled with `set_option linter.unusedSimpArgs false`
2026-09-16T00:59:30.6355457Z warning: NLA/MF22/SourceRecurrence.lean:96:56: Variable name `hn` is not explicitly referenced.
2026-09-16T00:59:30.6356033Z 
2026-09-16T00:59:30.6356649Z Hint: The binding can be removed (if unused) or named `_` (if used implicitly). Alternatively, prefix the name with `_` to silence this warning:
2026-09-16T00:59:30.6357638Z   [apply] _hn
2026-09-16T00:59:30.6357772Z 
2026-09-16T00:59:30.6358040Z Note: This linter can be disabled with `set_option linter.unusedVariables false`
2026-09-16T00:59:30.6358969Z error: NLA/MF22/SourceRecurrence.lean:111:21: #assert_trust: 'NLA.MF22.source_recurrence' depends on sorry or unrecognized axioms
2026-09-16T00:59:30.6359681Z   foundational: propext, Classical.choice, Quot.sound
2026-09-16T00:59:30.6360041Z   sorryAx: sorryAx
2026-09-16T00:59:30.6360816Z info: NLA/MF22/SourceRecurrence.lean:112:0: 'NLA.MF22.source_recurrence' depends on axioms: [propext, sorryAx, Classical.choice, Quot.sound]
2026-09-16T00:59:30.6361543Z error: Lean exited with code 1
2026-09-16T00:59:31.0293242Z ✖ [3663/3663] Building NLA.MF22.TransferCertificates (5.8s)
2026-09-16T00:59:31.0303658Z trace: .> LEAN_PATH=/home/runner/work/OpenProblemsInNLA/OpenProblemsInNLA/.lean-development/.lake/packages/Cli/.lake/build/lib/lean:/home/runner/work/OpenProblemsInNLA/OpenProblemsInNLA/.lean-development/.lake/packages/batteries/.lake/build/lib/lean:/home/runner/work/OpenProblemsInNLA/OpenProblemsInNLA/.lean-development/.lake/packages/Qq/.lake/build/lib/lean:/home/runner/work/OpenProblemsInNLA/OpenProblemsInNLA/.lean-development/.lake/packages/aesop/.lake/build/lib/lean:/home/runner/work/OpenProblemsInNLA/OpenProblemsInNLA/.lean-development/.lake/packages/proofwidgets/.lake/build/lib/lean:/home/runner/work/OpenProblemsInNLA/OpenProblemsInNLA/.lean-development/.lake/packages/importGraph/.lake/build/lib/lean:/home/runner/work/OpenProblemsInNLA/OpenProblemsInNLA/.lean-development/.lake/packages/LeanSearchClient/.lake/build/lib/lean:/home/runner/work/OpenProblemsInNLA/OpenProblemsInNLA/.lean-development/.lake/packages/plausible/.lake/build/lib/lean:/home/runner/work/OpenProblemsInNLA/OpenProblemsInNLA/.lean-development/.lake/packages/mathlib/.lake/build/lib/lean:/home/runner/work/OpenProblemsInNLA/OpenProblemsInNLA/.lean-development/.lake/packages/leancert/.lake/build/lib/lean:/home/runner/work/OpenProblemsInNLA/OpenProblemsInNLA/.lean-development/.lake/build/lib/lean /home/runner/.elan/toolchains/leanprover--lean4---v4.33.1/bin/lean /home/runner/work/OpenProblemsInNLA/OpenProblemsInNLA/.lean-development/NLA/MF22/TransferCertificates.lean -o /home/runner/work/OpenProblemsInNLA/OpenProblemsInNLA/.lean-development/.lake/build/lib/lean/NLA/MF22/TransferCertificates.olean -i /home/runner/work/OpenProblemsInNLA/OpenProblemsInNLA/.lean-development/.lake/build/lib/lean/NLA/MF22/TransferCertificates.ilean -c /home/runner/work/OpenProblemsInNLA/OpenProblemsInNLA/.lean-development/.lake/build/ir/NLA/MF22/TransferCertificates.c --setup /home/runner/work/OpenProblemsInNLA/OpenProblemsInNLA/.lean-development/.lake/build/ir/NLA/MF22/TransferCertificates.setup.json --json
2026-09-16T00:59:31.0311570Z info: NLA/MF22/TransferCertificates.lean:31:84: Try this:
2026-09-16T00:59:31.0311896Z   [apply] ring_nf
2026-09-16T00:59:31.0312092Z   
2026-09-16T00:59:31.0312392Z   The `ring` tactic failed to close the goal. Use `ring_nf` to obtain a normal form.
2026-09-16T00:59:31.0312813Z     
2026-09-16T00:59:31.0313428Z   Note that `ring` works primarily in *commutative* rings. If you have a noncommutative ring, abelian group or module, consider using `noncomm_ring`, `abel` or `module` instead.
2026-09-16T00:59:31.0314162Z error: NLA/MF22/TransferCertificates.lean:28:45: unsolved goals
2026-09-16T00:59:31.0314627Z a b c d e f g h z w : ℂ
2026-09-16T00:59:31.0315069Z ⊢ a * f * w ^ 2 + a * w * h * z - w * b * e * ![0, -z, 0, w] (if 2 = 0 then Fin.castSucc 2 else Fin.succ 2) -
2026-09-16T00:59:31.0315549Z                               z * b * ![0, -z, 0, w] (if 2 = 0 then Fin.castSucc 2 else Fin.succ 2) * g +
2026-09-16T00:59:31.0316024Z                             c * ![e, f, g, h] (if 0 < 2 then 0 else 1) * ![-z, 0, w, 0] (if 1 < 2 then 1 else 2) *
2026-09-16T00:59:31.0316741Z                               ![0, -z, 0, w] (if Fin.castSucc 2 < 2 then Fin.castSucc 2 else Fin.succ 2) -
2026-09-16T00:59:31.0317324Z                           c * ![e, f, g, h] (if 0 < 2 then 0 else 1) *
2026-09-16T00:59:31.0317726Z                               ![-z, 0, w, 0] (if Fin.castSucc 2 < 2 then Fin.castSucc 2 else Fin.succ 2) *
2026-09-16T00:59:31.0318123Z                             ![0, -z, 0, w] (if 1 < 2 then 1 else 2) -
2026-09-16T00:59:31.0318515Z                         c * ![-z, 0, w, 0] (if 1 < 2 then 1 else 2) * ![0, -z, 0, w] (if 0 < 2 then 0 else 1) *
2026-09-16T00:59:31.0318971Z                           ![e, f, g, h] (if Fin.castSucc 2 < 2 then Fin.castSucc 2 else Fin.succ 2) -
2026-09-16T00:59:31.0319435Z                       c * ![0, -z, 0, w] (if Fin.castSucc 2 < 2 then Fin.castSucc 2 else Fin.succ 2) *
2026-09-16T00:59:31.0319822Z                           ![e, f, g, h] (if 1 < 2 then 1 else 2) *
2026-09-16T00:59:31.0320132Z                         ![-z, 0, w, 0] (if 0 < 2 then 0 else 1) +
2026-09-16T00:59:31.0320512Z                     c * ![-z, 0, w, 0] (if Fin.castSucc 2 < 2 then Fin.castSucc 2 else Fin.succ 2) *
2026-09-16T00:59:31.0320904Z                         ![e, f, g, h] (if 1 < 2 then 1 else 2) *
2026-09-16T00:59:31.0321208Z                       ![0, -z, 0, w] (if 0 < 2 then 0 else 1) +
2026-09-16T00:59:31.0321583Z                   c * ![0, -z, 0, w] (if 1 < 2 then 1 else 2) * ![-z, 0, w, 0] (if 0 < 2 then 0 else 1) *
2026-09-16T00:59:31.0322029Z                     ![e, f, g, h] (if Fin.castSucc 2 < 2 then Fin.castSucc 2 else Fin.succ 2) -
2026-09-16T00:59:31.0322479Z                 d * ![e, f, g, h] (if 0 < 3 then 0 else 1) * ![-z, 0, w, 0] (if 1 < 3 then 1 else 2) *
2026-09-16T00:59:31.0322919Z                   ![0, -z, 0, w] (if Fin.castSucc 2 < 3 then Fin.castSucc 2 else Fin.succ 2) +
2026-09-16T00:59:31.0323295Z               d * ![e, f, g, h] (if 0 < 3 then 0 else 1) *
2026-09-16T00:59:31.0323658Z                   ![-z, 0, w, 0] (if Fin.castSucc 2 < 3 then Fin.castSucc 2 else Fin.succ 2) *
2026-09-16T00:59:31.0324024Z                 ![0, -z, 0, w] (if 1 < 3 then 1 else 2) +
2026-09-16T00:59:31.0324383Z             d * ![-z, 0, w, 0] (if 1 < 3 then 1 else 2) * ![0, -z, 0, w] (if 0 < 3 then 0 else 1) *
2026-09-16T00:59:31.0325064Z               ![e, f, g, h] (if Fin.castSucc 2 < 3 then Fin.castSucc 2 else Fin.succ 2) +
2026-09-16T00:59:31.0325512Z           d * ![0, -z, 0, w] (if Fin.castSucc 2 < 3 then Fin.castSucc 2 else Fin.succ 2) *
2026-09-16T00:59:31.0325876Z               ![e, f, g, h] (if 1 < 3 then 1 else 2) *
2026-09-16T00:59:31.0326164Z             ![-z, 0, w, 0] (if 0 < 3 then 0 else 1) -
2026-09-16T00:59:31.0326728Z         d * ![-z, 0, w, 0] (if Fin.castSucc 2 < 3 then Fin.castSucc 2 else Fin.succ 2) *
2026-09-16T00:59:31.0327115Z             ![e, f, g, h] (if 1 < 3 then 1 else 2) *
2026-09-16T00:59:31.0327404Z           ![0, -z, 0, w] (if 0 < 3 then 0 else 1) -
2026-09-16T00:59:31.0327770Z       d * ![0, -z, 0, w] (if 1 < 3 then 1 else 2) * ![-z, 0, w, 0] (if 0 < 3 then 0 else 1) *
2026-09-16T00:59:31.0328207Z         ![e, f, g, h] (if Fin.castSucc 2 < 3 then Fin.castSucc 2 else Fin.succ 2) =
2026-09-16T00:59:31.0328679Z     a * f * w ^ 2 + a * w * h * z + f * w * z * c - w * z * b * g - w * z * e * d - w ^ 2 * b * e + h * z ^ 2 * c -
2026-09-16T00:59:31.0329128Z       z ^ 2 * g * d
2026-09-16T00:59:31.0329598Z error: NLA/MF22/TransferCertificates.lean:67:4: Type mismatch: After simplification, term
2026-09-16T00:59:31.0330106Z   h
2026-09-16T00:59:31.0330273Z  has type
2026-09-16T00:59:31.0330516Z   @Eq ℂ
2026-09-16T00:59:31.0330737Z     (leadingBlock ρ 0 0 *
2026-09-16T00:59:31.0331192Z         ((leadingBlock ρ)⁻¹ 0 0 * ![24 * ↑ρ, -(96 * Complex.I), -coefficientF ρ, -coefficientC ρ] j +
2026-09-16T00:59:31.0331808Z           (leadingBlock ρ)⁻¹ 0 1 * ![-(96 * Complex.I), -(24 * ↑ρ), -coefficientC ρ, -coefficientE ρ] j) +
2026-09-16T00:59:31.0332282Z       leadingBlock ρ 0 1 *
2026-09-16T00:59:31.0332704Z         ((leadingBlock ρ)⁻¹ 1 0 * ![24 * ↑ρ, -(96 * Complex.I), -coefficientF ρ, -coefficientC ρ] j +
2026-09-16T00:59:31.0333299Z           (leadingBlock ρ)⁻¹ 1 1 * ![-(96 * Complex.I), -(24 * ↑ρ), -coefficientC ρ, -coefficientE ρ] j))
2026-09-16T00:59:31.0333986Z     (![24 * ↑ρ, -(96 * Complex.I), -coefficientF ρ, -coefficientC ρ] j)
2026-09-16T00:59:31.0334367Z but is expected to have type
2026-09-16T00:59:31.0334649Z   @Eq ℂ
2026-09-16T00:59:31.0334872Z     (coefficientA ρ *
2026-09-16T00:59:31.0335283Z         ((leadingBlock ρ)⁻¹ 0 0 * ![24 * ↑ρ, -(96 * Complex.I), -coefficientF ρ, -coefficientC ρ] j +
2026-09-16T00:59:31.0335881Z           (leadingBlock ρ)⁻¹ 0 1 * ![-(96 * Complex.I), -(24 * ↑ρ), -coefficientC ρ, -coefficientE ρ] j) +
2026-09-16T00:59:31.0336426Z       coefficientB ρ *
2026-09-16T00:59:31.0336831Z         ((leadingBlock ρ)⁻¹ 1 0 * ![24 * ↑ρ, -(96 * Complex.I), -coefficientF ρ, -coefficientC ρ] j +
2026-09-16T00:59:31.0337428Z           (leadingBlock ρ)⁻¹ 1 1 * ![-(96 * Complex.I), -(24 * ↑ρ), -coefficientC ρ, -coefficientE ρ] j))
2026-09-16T00:59:31.0337934Z     (![24 * ↑ρ, -(96 * Complex.I), -coefficientF ρ, -coefficientC ρ] j)
2026-09-16T00:59:31.0338429Z error: NLA/MF22/TransferCertificates.lean:71:4: Type mismatch: After simplification, term
2026-09-16T00:59:31.0338838Z   h
2026-09-16T00:59:31.0339002Z  has type
2026-09-16T00:59:31.0339186Z   @Eq ℂ
2026-09-16T00:59:31.0339403Z     (leadingBlock ρ 1 0 *
2026-09-16T00:59:31.0339816Z         ((leadingBlock ρ)⁻¹ 0 0 * ![24 * ↑ρ, -(96 * Complex.I), -coefficientF ρ, -coefficientC ρ] j +
2026-09-16T00:59:31.0340414Z           (leadingBlock ρ)⁻¹ 0 1 * ![-(96 * Complex.I), -(24 * ↑ρ), -coefficientC ρ, -coefficientE ρ] j) +
2026-09-16T00:59:31.0340847Z       leadingBlock ρ 1 1 *
2026-09-16T00:59:31.0341282Z         ((leadingBlock ρ)⁻¹ 1 0 * ![24 * ↑ρ, -(96 * Complex.I), -coefficientF ρ, -coefficientC ρ] j +
2026-09-16T00:59:31.0341870Z           (leadingBlock ρ)⁻¹ 1 1 * ![-(96 * Complex.I), -(24 * ↑ρ), -coefficientC ρ, -coefficientE ρ] j))
2026-09-16T00:59:31.0342384Z     (![-(96 * Complex.I), -(24 * ↑ρ), -coefficientC ρ, -coefficientE ρ] j)
2026-09-16T00:59:31.0342707Z but is expected to have type
2026-09-16T00:59:31.0342948Z   @Eq ℂ
2026-09-16T00:59:31.0343148Z     (coefficientB ρ *
2026-09-16T00:59:31.0343543Z         ((leadingBlock ρ)⁻¹ 0 0 * ![24 * ↑ρ, -(96 * Complex.I), -coefficientF ρ, -coefficientC ρ] j +
2026-09-16T00:59:31.0344292Z           (leadingBlock ρ)⁻¹ 0 1 * ![-(96 * Complex.I), -(24 * ↑ρ), -coefficientC ρ, -coefficientE ρ] j) +
2026-09-16T00:59:31.0344715Z       coefficientD ρ *
2026-09-16T00:59:31.0345119Z         ((leadingBlock ρ)⁻¹ 1 0 * ![24 * ↑ρ, -(96 * Complex.I), -coefficientF ρ, -coefficientC ρ] j +
2026-09-16T00:59:31.0345711Z           (leadingBlock ρ)⁻¹ 1 1 * ![-(96 * Complex.I), -(24 * ↑ρ), -coefficientC ρ, -coefficientE ρ] j))
2026-09-16T00:59:31.0346333Z     (![-(96 * Complex.I), -(24 * ↑ρ), -coefficientC ρ, -coefficientE ρ] j)
2026-09-16T00:59:31.0346842Z warning: NLA/MF22/TransferCertificates.lean:93:65: Unused tactic linter: `ring` does nothing
2026-09-16T00:59:31.0347192Z 
2026-09-16T00:59:31.0347394Z Note: This linter can be disabled with `set_option linter.unusedTactic false`
2026-09-16T00:59:31.0347901Z warning: NLA/MF22/TransferCertificates.lean:93:65: this tactic is never executed
2026-09-16T00:59:31.0348201Z 
2026-09-16T00:59:31.0348418Z Note: This linter can be disabled with `set_option linter.unreachableTactic false`
2026-09-16T00:59:31.0348992Z warning: NLA/MF22/TransferCertificates.lean:104:10: Used `tac1 <;> tac2` where `(tac1; tac2)` would suffice
2026-09-16T00:59:31.0349360Z 
2026-09-16T00:59:31.0349575Z Note: This linter can be disabled with `set_option linter.unnecessarySeqFocus false`
2026-09-16T00:59:31.0350148Z warning: NLA/MF22/TransferCertificates.lean:104:79: Used `tac1 <;> tac2` where `(tac1; tac2)` would suffice
2026-09-16T00:59:31.0350508Z 
2026-09-16T00:59:31.0350717Z Note: This linter can be disabled with `set_option linter.unnecessarySeqFocus false`
2026-09-16T00:59:31.0351160Z info: NLA/MF22/TransferCertificates.lean:141:84: Try this:
2026-09-16T00:59:31.0351466Z   [apply] ring_nf
2026-09-16T00:59:31.0351650Z   
2026-09-16T00:59:31.0351942Z   The `ring` tactic failed to close the goal. Use `ring_nf` to obtain a normal form.
2026-09-16T00:59:31.0352444Z     
2026-09-16T00:59:31.0353040Z   Note that `ring` works primarily in *commutative* rings. If you have a noncommutative ring, abelian group or module, consider using `noncomm_ring`, `abel` or `module` instead.
2026-09-16T00:59:31.0353775Z error: NLA/MF22/TransferCertificates.lean:137:69: unsolved goals
2026-09-16T00:59:31.0354140Z ρ : ℝ
2026-09-16T00:59:31.0354319Z z : ℂ
2026-09-16T00:59:31.0354588Z ⊢ ((((((1 - z * ((leadingBlock ρ)⁻¹ * transferRhs ρ) 1 1 +
2026-09-16T00:59:31.0355063Z                     (z * if Fin.succ 2 = 1 then 1 else 0) * ((leadingBlock ρ)⁻¹ * transferRhs ρ) 1 3 +
2026-09-16T00:59:31.0355458Z                   z * if 1 = Fin.succ 2 then 1 else 0) -
2026-09-16T00:59:31.0355825Z                 z ^ 2 * ((leadingBlock ρ)⁻¹ * transferRhs ρ) 1 3 -
2026-09-16T00:59:31.0356521Z               if Fin.succ 2 = 2 then if 2 = Fin.succ 2 then 1 - z * ((leadingBlock ρ)⁻¹ * transferRhs ρ) 1 1 else 0
2026-09-16T00:59:31.0356949Z               else 0) -
2026-09-16T00:59:31.0357476Z             if 2 = 1 then -(z * ((leadingBlock ρ)⁻¹ * transferRhs ρ) 1 2) + if 1 = 2 then 1 else 0 else 0) -
2026-09-16T00:59:31.0357969Z           (if Fin.succ 2 = 1 then 1 else 0) * if 1 = Fin.succ 2 then 1 else 0) +
2026-09-16T00:59:31.0358303Z         if 2 = Fin.succ 2 then
2026-09-16T00:59:31.0358539Z           (-(z * if 1 = 2 then 1 else 0) -
2026-09-16T00:59:31.0359037Z                 z * ((leadingBlock ρ)⁻¹ * transferRhs ρ) 1 2 * if Fin.succ 2 = 1 then 1 else 0) +
2026-09-16T00:59:31.0359505Z               z ^ 2 * ((leadingBlock ρ)⁻¹ * transferRhs ρ) 1 2 +
2026-09-16T00:59:31.0359869Z             (if 1 = 2 then 1 else 0) * if Fin.succ 2 = 1 then 1 else 0
2026-09-16T00:59:31.0360163Z         else 0) +
2026-09-16T00:59:31.0360353Z       if Fin.succ 2 = 2 then
2026-09-16T00:59:31.0360817Z         if 2 = 1 then -(z * ((leadingBlock ρ)⁻¹ * transferRhs ρ) 1 3) + if 1 = Fin.succ 2 then 1 else 0 else 0
2026-09-16T00:59:31.0361236Z       else 0) =
2026-09-16T00:59:31.0361652Z     1 - z * ((leadingBlock ρ)⁻¹ * transferRhs ρ) 1 1 - z ^ 2 * ((leadingBlock ρ)⁻¹ * transferRhs ρ) 1 3
2026-09-16T00:59:31.0362404Z warning: NLA/MF22/TransferCertificates.lean:154:43: Used `tac1 <;> tac2` where `(tac1; tac2)` would suffice
2026-09-16T00:59:31.0362782Z 
2026-09-16T00:59:31.0362996Z Note: This linter can be disabled with `set_option linter.unnecessarySeqFocus false`
2026-09-16T00:59:31.0363570Z warning: NLA/MF22/TransferCertificates.lean:155:77: Used `tac1 <;> tac2` where `(tac1; tac2)` would suffice
2026-09-16T00:59:31.0363939Z 
2026-09-16T00:59:31.0364151Z Note: This linter can be disabled with `set_option linter.unnecessarySeqFocus false`
2026-09-16T00:59:31.0364720Z warning: NLA/MF22/TransferCertificates.lean:156:12: Used `tac1 <;> tac2` where `(tac1; tac2)` would suffice
2026-09-16T00:59:31.0365083Z 
2026-09-16T00:59:31.0365296Z Note: This linter can be disabled with `set_option linter.unnecessarySeqFocus false`
2026-09-16T00:59:31.0365858Z warning: NLA/MF22/TransferCertificates.lean:156:81: Used `tac1 <;> tac2` where `(tac1; tac2)` would suffice
2026-09-16T00:59:31.0366357Z 
2026-09-16T00:59:31.0366567Z Note: This linter can be disabled with `set_option linter.unnecessarySeqFocus false`
2026-09-16T00:59:31.0367290Z error: NLA/MF22/TransferCertificates.lean:167:21: #assert_trust: 'NLA.MF22.transfer_polynomial_certificates' depends on sorry or unrecognized axioms
2026-09-16T00:59:31.0367930Z   foundational: propext, Classical.choice, Quot.sound
2026-09-16T00:59:31.0368220Z   sorryAx: sorryAx
2026-09-16T00:59:31.0368798Z info: NLA/MF22/TransferCertificates.lean:168:0: 'NLA.MF22.transfer_polynomial_certificates' depends on axioms: [propext, sorryAx, Classical.choice, Quot.sound]
2026-09-16T00:59:31.0369434Z error: Lean exited with code 1
2026-09-16T00:59:31.0369680Z Some required targets logged failures:
2026-09-16T00:59:31.0369935Z - NLA.MF22.ScalarTail
2026-09-16T00:59:31.0370141Z - NLA.MF22.RootCayley
2026-09-16T00:59:31.0370340Z - NLA.MF22.Coprime
2026-09-16T00:59:31.0370702Z - NLA.MF22.SourceRecurrence
2026-09-16T00:59:31.0370939Z - NLA.MF22.TransferCertificates
2026-09-16T00:59:31.0371177Z error: build failed
2026-09-16T00:59:31.1013036Z RUN ['lake', 'env', 'lean', 'Challenges/MF22.lean']
2026-09-16T00:59:33.4610067Z Challenges/MF22.lean:27:8: warning: declaration uses `sorry`
2026-09-16T00:59:33.4610531Z Challenges/MF22.lean:35:8: warning: declaration uses `sorry`
2026-09-16T00:59:33.4610961Z Challenges/MF22.lean:40:8: warning: declaration uses `sorry`
2026-09-16T00:59:33.4611351Z Challenges/MF22.lean:48:8: warning: declaration uses `sorry`
2026-09-16T00:59:33.4611734Z Challenges/MF22.lean:57:8: warning: declaration uses `sorry`
2026-09-16T00:59:33.4612123Z Challenges/MF22.lean:67:8: warning: declaration uses `sorry`
2026-09-16T00:59:33.4612511Z Challenges/MF22.lean:76:8: warning: declaration uses `sorry`
2026-09-16T00:59:33.4612893Z Challenges/MF22.lean:80:8: warning: declaration uses `sorry`
2026-09-16T00:59:33.4613282Z Challenges/MF22.lean:87:8: warning: declaration uses `sorry`
2026-09-16T00:59:33.4613697Z Challenges/MF22.lean:93:8: warning: declaration uses `sorry`
2026-09-16T00:59:33.4614095Z Challenges/MF22.lean:97:8: warning: declaration uses `sorry`
2026-09-16T00:59:33.4614487Z Challenges/MF22.lean:108:8: warning: declaration uses `sorry`
2026-09-16T00:59:33.4614880Z Challenges/MF22.lean:117:8: warning: declaration uses `sorry`
2026-09-16T00:59:33.4615271Z Challenges/MF22.lean:123:8: warning: declaration uses `sorry`
2026-09-16T00:59:33.4615667Z Challenges/MF22.lean:135:8: warning: declaration uses `sorry`
2026-09-16T00:59:33.4616055Z Challenges/MF22.lean:144:8: warning: declaration uses `sorry`
2026-09-16T00:59:33.4616632Z Challenges/MF22.lean:156:8: warning: declaration uses `sorry`
2026-09-16T00:59:33.4617020Z Challenges/MF22.lean:165:8: warning: declaration uses `sorry`
2026-09-16T00:59:33.4617407Z Challenges/MF22.lean:176:8: warning: declaration uses `sorry`
2026-09-16T00:59:33.4617792Z Challenges/MF22.lean:184:8: warning: declaration uses `sorry`
2026-09-16T00:59:33.4618186Z Challenges/MF22.lean:192:8: warning: declaration uses `sorry`
2026-09-16T00:59:33.4618572Z Challenges/MF22.lean:201:8: warning: declaration uses `sorry`
2026-09-16T00:59:33.7092499Z Traceback (most recent call last):
2026-09-16T00:59:33.7093285Z   File "/home/runner/work/OpenProblemsInNLA/OpenProblemsInNLA/.lean-development/check.py", line 76, in <module>
2026-09-16T00:59:33.7094090Z     raise RuntimeError("Development checks failed: " + "; ".join(failures))
2026-09-16T00:59:33.7095680Z RuntimeError: Development checks failed: command failed (1): ['lake', 'build', 'NLA.MF22.Norms', 'NLA.MF22.ScalarCertificates', 'NLA.MF22.Coordinates', 'NLA.MF22.SourceBounds', 'NLA.MF22.LeadingBlock', 'NLA.MF22.RootCubic', 'NLA.MF22.Roots', 'NLA.MF22.Coprime', 'NLA.MF22.SourceRecurrence', 'NLA.MF22.TransferCertificates', 'NLA.MF22.ScalarTail']
2026-09-16T00:59:33.7236043Z ##[error]Process completed with exit code 1.
2026-09-16T00:59:33.7293948Z Node 20 is being deprecated. This workflow is running with Node 24 by default. If you need to temporarily use Node 20, you can set the ACTIONS_ALLOW_USE_UNSECURE_NODE_VERSION=true environment variable. For more information see: https://github.blog/changelog/2025-09-19-deprecation-of-node-20-on-github-actions-runners/
2026-09-16T00:59:33.7295546Z ##[group]Run actions/upload-artifact@ea165f8d65b6e75b540449e92b4886f43607fa02
2026-09-16T00:59:33.7295882Z with:
2026-09-16T00:59:33.7296069Z   name: lean-development-statements
2026-09-16T00:59:33.7296523Z   path: .lean-development/evidence/
2026-09-16T00:59:33.7296747Z   if-no-files-found: error
2026-09-16T00:59:33.7306428Z   compression-level: 6
2026-09-16T00:59:33.7306636Z   overwrite: false
2026-09-16T00:59:33.7306821Z   include-hidden-files: false
2026-09-16T00:59:33.7307016Z ##[endgroup]
2026-09-16T00:59:34.0052063Z (node:4513) [DEP0040] DeprecationWarning: The `punycode` module is deprecated. Please use a userland alternative instead.
2026-09-16T00:59:34.0053328Z (Use `node --trace-deprecation ...` to show where the warning was created)
2026-09-16T00:59:34.0124970Z With the provided path, there will be 8 files uploaded
2026-09-16T00:59:34.0129960Z Artifact name is valid!
2026-09-16T00:59:34.0130408Z Root directory input is valid!
2026-09-16T00:59:34.3320515Z Beginning upload of artifact content to blob storage
2026-09-16T00:59:34.3650055Z (node:4513) [DEP0169] DeprecationWarning: `url.parse()` behavior is not standardized and prone to errors that have security implications. Use the WHATWG URL API instead. CVEs are not issued for `url.parse()` vulnerabilities.
2026-09-16T00:59:34.6530490Z Uploaded bytes 26106
2026-09-16T00:59:34.7168130Z Finished uploading artifact content to blob storage!
2026-09-16T00:59:34.7168898Z SHA256 digest of uploaded artifact zip is a595440d5e0e07fdf54f9fd815aa7395082c1da189dfdb8fa29af60187185578
2026-09-16T00:59:34.7170034Z Finalizing artifact upload
2026-09-16T00:59:34.9646915Z Artifact lean-development-statements.zip successfully finalized. Artifact ID 10425332609
2026-09-16T00:59:34.9647880Z Artifact lean-development-statements has been successfully uploaded! Final size is 26106 bytes. Artifact ID is 10425332609
2026-09-16T00:59:34.9652507Z Artifact download URL: https://github.com/sgstepaniants/OpenProblemsInNLA/actions/runs/35041873518/artifacts/10425332609
2026-09-16T00:59:34.9816663Z Node 20 is being deprecated. This workflow is running with Node 24 by default. If you need to temporarily use Node 20, you can set the ACTIONS_ALLOW_USE_UNSECURE_NODE_VERSION=true environment variable. For more information see: https://github.blog/changelog/2025-09-19-deprecation-of-node-20-on-github-actions-runners/
2026-09-16T00:59:34.9817648Z Post job cleanup.
2026-09-16T00:59:35.0515373Z [command]/usr/bin/git version
2026-09-16T00:59:35.0554974Z git version 2.55.0
2026-09-16T00:59:35.0587477Z Temporarily overriding HOME='/home/runner/work/_temp/2daa4c20-4769-48ff-a5ef-9bd8a3afa90c' before making global git config changes
2026-09-16T00:59:35.0588238Z Adding repository directory to the temporary git global config as a safe directory
2026-09-16T00:59:35.0592067Z [command]/usr/bin/git config --global --add safe.directory /home/runner/work/OpenProblemsInNLA/OpenProblemsInNLA
2026-09-16T00:59:35.0624912Z [command]/usr/bin/git config --local --name-only --get-regexp core\.sshCommand
2026-09-16T00:59:35.0653785Z [command]/usr/bin/git submodule foreach --recursive sh -c "git config --local --name-only --get-regexp 'core\.sshCommand' && git config --local --unset-all 'core.sshCommand' || :"
2026-09-16T00:59:35.0895322Z [command]/usr/bin/git config --local --name-only --get-regexp http\.https\:\/\/github\.com\/\.extraheader
2026-09-16T00:59:35.0925513Z [command]/usr/bin/git submodule foreach --recursive sh -c "git config --local --name-only --get-regexp 'http\.https\:\/\/github\.com\/\.extraheader' && git config --local --unset-all 'http.https://github.com/.extraheader' || :"
2026-09-16T00:59:35.1207098Z [command]/usr/bin/git config --local --name-only --get-regexp ^includeIf\.gitdir:
2026-09-16T00:59:35.1257253Z [command]/usr/bin/git submodule foreach --recursive git config --local --show-origin --name-only --get-regexp remote.origin.url
2026-09-16T00:59:35.1609560Z Cleaning up orphan processes
2026-09-16T00:59:35.1912279Z ##[warning]Node.js 20 is deprecated. The following actions target Node.js 20 but are being forced to run on Node.js 24: actions/checkout@11d5960a326750d5838078e36cf38b85af677262, actions/upload-artifact@ea165f8d65b6e75b540449e92b4886f43607fa02. For more information see: https://github.blog/changelog/2025-09-19-deprecation-of-node-20-on-github-actions-runners/
